source_label,source_line,lean_file,lean_name,status,transitive_human_inputs,expected_inputs,compiled_declaration_custom_axioms
"eq:model","83","DerridaRetaux/Model/Recursion.lean; DerridaRetaux/Basic/Convolution.lean; DerridaRetaux/Basic/RecursionBridge.lean","DerridaRetaux.lawStep; DerridaRetaux.orbit; DerridaRetaux.drStepProb; DerridaRetaux.drStep_eq_drStepProb; DerridaRetaux.orbit_eq_coefficientOrbit","PROVED","none","none","{""DerridaRetaux.lawStep"": [], ""DerridaRetaux.orbit"": [], ""DerridaRetaux.drStepProb"": [], ""DerridaRetaux.drStep_eq_drStepProb"": [], ""DerridaRetaux.orbit_eq_coefficientOrbit"": []}"
"eq:assumptions","87","DerridaRetaux/Basic/ProbabilityMass.lean","DerridaRetaux.Critical; DerridaRetaux.ProfileInitialData","DEFINITION","none","none","{""DerridaRetaux.Critical"": [], ""DerridaRetaux.ProfileInitialData"": []}"
"eq:notation","94","DerridaRetaux/Model/Tilted.lean; DerridaRetaux/Model/NormalizedTilt.lean; DerridaRetaux/Model/Observables.lean","DerridaRetaux.tiltedPartition; DerridaRetaux.normalizedTilt; DerridaRetaux.excess; DerridaRetaux.survival","DEFINITION","none","none","{""DerridaRetaux.tiltedPartition"": [], ""DerridaRetaux.normalizedTilt"": [], ""DerridaRetaux.excess"": [], ""DerridaRetaux.survival"": []}"
"eq:rho","99","DerridaRetaux/Model/NormalizedTilt.lean","DerridaRetaux.positiveTiltedDensity","DEFINITION","none","none","{""DerridaRetaux.positiveTiltedDensity"": []}"
"eq:mainprofile","106","DerridaRetaux/Main/ProfileFinal.lean; DerridaRetaux/Main/ProfileTheorem.lean","DerridaRetaux.FixedArity.profileDensity; DerridaRetaux.FixedArity.profile","PROVED","H1a;H1b;H2","H1a;H1b;H2","{""DerridaRetaux.FixedArity.profileDensity"": [""DerridaRetaux.HumanInputs.cdhls_excess_upper"", ""DerridaRetaux.HumanInputs.cdhls_product_upper"", ""DerridaRetaux.HumanInputs.kotani_characteristic_eq_implies_translate""], ""DerridaRetaux.FixedArity.profile"": [""DerridaRetaux.HumanInputs.cdhls_excess_upper"", ""DerridaRetaux.HumanInputs.cdhls_product_upper"", ""DerridaRetaux.HumanInputs.kotani_characteristic_eq_implies_translate""]}"
"eq:main1","112","DerridaRetaux/Main/ProfileTheorem.lean","DerridaRetaux.FixedArity.profile","PROVED","H1a;H1b;H2","H1a;H1b;H2","{""DerridaRetaux.FixedArity.profile"": [""DerridaRetaux.HumanInputs.cdhls_excess_upper"", ""DerridaRetaux.HumanInputs.cdhls_product_upper"", ""DerridaRetaux.HumanInputs.kotani_characteristic_eq_implies_translate""]}"
"eq:main2","114","DerridaRetaux/Main/ProfileTheorem.lean","DerridaRetaux.FixedArity.profile","PROVED","H1a;H1b;H2","H1a;H1b;H2","{""DerridaRetaux.FixedArity.profile"": [""DerridaRetaux.HumanInputs.cdhls_excess_upper"", ""DerridaRetaux.HumanInputs.cdhls_product_upper"", ""DerridaRetaux.HumanInputs.kotani_characteristic_eq_implies_translate""]}"
"eq:atoms","117","DerridaRetaux/Main/ProfileTheorem.lean","DerridaRetaux.FixedArity.profile","PROVED","H1a;H1b;H2","H1a;H1b;H2","{""DerridaRetaux.FixedArity.profile"": [""DerridaRetaux.HumanInputs.cdhls_excess_upper"", ""DerridaRetaux.HumanInputs.cdhls_product_upper"", ""DerridaRetaux.HumanInputs.kotani_characteristic_eq_implies_translate""]}"
"eq:tv","122","DerridaRetaux/Main/ProfileTheorem.lean","DerridaRetaux.FixedArity.profile","PROVED","H1a;H1b;H2","H1a;H1b;H2","{""DerridaRetaux.FixedArity.profile"": [""DerridaRetaux.HumanInputs.cdhls_excess_upper"", ""DerridaRetaux.HumanInputs.cdhls_product_upper"", ""DerridaRetaux.HumanInputs.kotani_characteristic_eq_implies_translate""]}"
"eq:pgf","204","DerridaRetaux/Model/GeneratingFunction.lean","DerridaRetaux.generatingFunction_drStep_cross; DerridaRetaux.generatingFunction_drStep; DerridaRetaux.generatingFunction_paperStep; DerridaRetaux.generatingFunction_orbit_succ_cross","PROVED","none","none","{""DerridaRetaux.generatingFunction_drStep_cross"": [], ""DerridaRetaux.generatingFunction_drStep"": [], ""DerridaRetaux.generatingFunction_paperStep"": [], ""DerridaRetaux.generatingFunction_orbit_succ_cross"": []}"
"eq:qmean","213","DerridaRetaux/Model/NormalizedTilt.lean","DerridaRetaux.normalizedTilt_hasSum; DerridaRetaux.normalizedTilt_mean_hasSum","PROVED","none","none","{""DerridaRetaux.normalizedTilt_hasSum"": [], ""DerridaRetaux.normalizedTilt_mean_hasSum"": []}"
"eq:tilt","224","DerridaRetaux/Model/TiltedRecursion.lean","DerridaRetaux.normalizedTiltGeneratingFunction_orbit_succ; DerridaRetaux.tiltedPartition_orbit_succ_eq","PROVED","none","none","{""DerridaRetaux.normalizedTiltGeneratingFunction_orbit_succ"": [], ""DerridaRetaux.tiltedPartition_orbit_succ_eq"": []}"
"eq:coarse","237","DerridaRetaux/Prelim/AtomTail.lean; DerridaRetaux/Prelim/CoarseMomentBounds.lean","DerridaRetaux.orbitExcess_bound_all; DerridaRetaux.criticalProduct_bound_all_of_CDHLSProductFact","PROVED","H1a;H1b","H1a;H1b","{""DerridaRetaux.orbitExcess_bound_all"": [], ""DerridaRetaux.criticalProduct_bound_all_of_CDHLSProductFact"": []}"
"eq:theta","242","DerridaRetaux/Model/CoarseRelations.lean; DerridaRetaux/Prelim/AtomTail.lean","DerridaRetaux.survival_le_excess_div_of_critical; DerridaRetaux.positiveTiltMass_orbit_eq; DerridaRetaux.orbitPositiveTiltMass_bound_all","PROVED","H1a","H1a","{""DerridaRetaux.survival_le_excess_div_of_critical"": [], ""DerridaRetaux.positiveTiltMass_orbit_eq"": [], ""DerridaRetaux.orbitPositiveTiltMass_bound_all"": []}"
"eq:cubic","250","DerridaRetaux/Prelim/CubicMoment.lean","DerridaRetaux.cubicCarrier_eq_fallingFactorials; DerridaRetaux.cubicCarrier_two; DerridaRetaux.cubicCarrier_pos_iff_of_three_le","PROVED","none","none","{""DerridaRetaux.cubicCarrier_eq_fallingFactorials"": [], ""DerridaRetaux.cubicCarrier_two"": [], ""DerridaRetaux.cubicCarrier_pos_iff_of_three_le"": []}"
"eq:J","258","DerridaRetaux/Main/DiscreteMoment.lean; DerridaRetaux/Prelim/CoarseMomentBounds.lean","DerridaRetaux.FixedArity.cubicMoment; DerridaRetaux.normalizedCubicMoment_eqJ","PROVED","H1b","H1b for growth only","{""DerridaRetaux.FixedArity.cubicMoment"": [""DerridaRetaux.HumanInputs.cdhls_product_upper""], ""DerridaRetaux.normalizedCubicMoment_eqJ"": []}"
"eq:lowmoments","263","DerridaRetaux/Main/DiscreteMoment.lean; DerridaRetaux/Prelim/CoarseMomentBounds.lean","DerridaRetaux.FixedArity.cubicMoment; DerridaRetaux.normalizedTilt_lowMoments_orbit","PROVED","H1b","H1b","{""DerridaRetaux.FixedArity.cubicMoment"": [""DerridaRetaux.HumanInputs.cdhls_product_upper""], ""DerridaRetaux.normalizedTilt_lowMoments_orbit"": []}"
"eq:c","283","DerridaRetaux/Model/TransportCoefficient.lean","DerridaRetaux.transportCoeff; DerridaRetaux.transportProduct","DEFINITION","none","none","{""DerridaRetaux.transportCoeff"": [], ""DerridaRetaux.transportProduct"": []}"
"eq:C","287","DerridaRetaux/Model/TransportCoefficient.lean; DerridaRetaux/Model/TransportLimit.lean; DerridaRetaux/Prelim/AtomTail.lean","DerridaRetaux.transportCoeff_pos; DerridaRetaux.transportCoeff_le_one; DerridaRetaux.orbitTransportDefect_summable; DerridaRetaux.tendsto_transportProduct_of_defect_summable; DerridaRetaux.transportProductLimit_pos_of_defect_summable","PROVED","H1a","H1a","{""DerridaRetaux.transportCoeff_pos"": [], ""DerridaRetaux.transportCoeff_le_one"": [], ""DerridaRetaux.orbitTransportDefect_summable"": [], ""DerridaRetaux.tendsto_transportProduct_of_defect_summable"": [], ""DerridaRetaux.transportProductLimit_pos_of_defect_summable"": []}"
"eq:atomtail","296","DerridaRetaux/Main/DiscreteMoment.lean","DerridaRetaux.FixedArity.firstTiltedAtomTail","PROVED","H1a","H1a","{""DerridaRetaux.FixedArity.firstTiltedAtomTail"": [""DerridaRetaux.HumanInputs.cdhls_excess_upper""]}"
"eq:atomidentity","302","DerridaRetaux/Prelim/AtomTail.lean","DerridaRetaux.firstTiltedAtom_eq_theta_sub_theta_succ_add","PROVED","none","none","{""DerridaRetaux.firstTiltedAtom_eq_theta_sub_theta_succ_add"": []}"
"eq:weightedmass","309","DerridaRetaux/Prelim/WeightedMass.lean; DerridaRetaux/Prelim/WeightedMassOrbit.lean","DerridaRetaux.positiveTiltedDensity_weightedMass_orbit","PROVED","H1a;H1b","H1a;H1b","{""DerridaRetaux.positiveTiltedDensity_weightedMass_orbit"": []}"
"eq:sup","321","DerridaRetaux/Main/Smoothing.lean","DerridaRetaux.FixedArity.smoothing","PROVED","H1a;H1b","H1a;H1b","{""DerridaRetaux.FixedArity.smoothing"": [""DerridaRetaux.HumanInputs.cdhls_excess_upper"", ""DerridaRetaux.HumanInputs.cdhls_product_upper""]}"
"eq:gradient","322","DerridaRetaux/Main/Smoothing.lean","DerridaRetaux.FixedArity.smoothing","PROVED","H1a;H1b","H1a;H1b","{""DerridaRetaux.FixedArity.smoothing"": [""DerridaRetaux.HumanInputs.cdhls_excess_upper"", ""DerridaRetaux.HumanInputs.cdhls_product_upper""]}"
"eq:spmod","325","DerridaRetaux/Main/Smoothing.lean","DerridaRetaux.FixedArity.smoothing","PROVED","H1a;H1b","H1a;H1b","{""DerridaRetaux.FixedArity.smoothing"": [""DerridaRetaux.HumanInputs.cdhls_excess_upper"", ""DerridaRetaux.HumanInputs.cdhls_product_upper""]}"
"eq:timemod","330","DerridaRetaux/Main/Smoothing.lean","DerridaRetaux.FixedArity.smoothing","PROVED","H1a;H1b","H1a;H1b","{""DerridaRetaux.FixedArity.smoothing"": [""DerridaRetaux.HumanInputs.cdhls_excess_upper"", ""DerridaRetaux.HumanInputs.cdhls_product_upper""]}"
"eq:rescaled","337","DerridaRetaux/Analysis/GridInterpolation.lean","DerridaRetaux.gridBilinearInterp; DerridaRetaux.gridBilinearInterp_eq_four_weights","PROVED","none","none","{""DerridaRetaux.gridBilinearInterp"": [], ""DerridaRetaux.gridBilinearInterp_eq_four_weights"": []}"
"eq:identifiedprofile","344","DerridaRetaux/Main/IdentificationFinal.lean","DerridaRetaux.FixedArity.identifySubsequentialLimit","PROVED","H1a;H1b;H2","H1a;H1b;H2","{""DerridaRetaux.FixedArity.identifySubsequentialLimit"": [""DerridaRetaux.HumanInputs.cdhls_excess_upper"", ""DerridaRetaux.HumanInputs.cdhls_product_upper"", ""DerridaRetaux.HumanInputs.kotani_characteristic_eq_implies_translate""]}"
"eq:boundary4","354","DerridaRetaux/Main/ProfileTheorem.lean","DerridaRetaux.FixedArity.profile","PROVED","H1a;H1b;H2","H1a;H1b;H2","{""DerridaRetaux.FixedArity.profile"": [""DerridaRetaux.HumanInputs.cdhls_excess_upper"", ""DerridaRetaux.HumanInputs.cdhls_product_upper"", ""DerridaRetaux.HumanInputs.kotani_characteristic_eq_implies_translate""]}"
"eq:survivalread","359","DerridaRetaux/Model/Readout.lean","DerridaRetaux.survivalReadout; DerridaRetaux.survival_eq_partition_mul_readout","PROVED","none","none","{""DerridaRetaux.survivalReadout"": [], ""DerridaRetaux.survival_eq_partition_mul_readout"": []}"
"eq:pointwise","417","DerridaRetaux/Analysis/BoundaryPointwise.lean; DerridaRetaux/Analysis/PointwiseFromFar.lean; DerridaRetaux/Main/ArrivalBounds.lean","DerridaRetaux.positiveTiltedDensity_pointwise_of_H1; DerridaRetaux.FixedArity.pointwiseBound","PROVED","H1a;H1b","H1a;H1b","{""DerridaRetaux.positiveTiltedDensity_pointwise_of_H1"": [], ""DerridaRetaux.FixedArity.pointwiseBound"": [""DerridaRetaux.HumanInputs.cdhls_excess_upper"", ""DerridaRetaux.HumanInputs.cdhls_product_upper""]}"
"eq:arrivalA","438","DerridaRetaux/Arrival/ArrivalRecursion.lean","DerridaRetaux.arrivalAlpha; DerridaRetaux.arrivalFormulaSource","DEFINITION","none","none","{""DerridaRetaux.arrivalAlpha"": [], ""DerridaRetaux.arrivalFormulaSource"": []}"
"eq:arrivalrenewal","446","DerridaRetaux/Main/Arrival.lean; DerridaRetaux/Arrival/ArrivalRecursion.lean","DerridaRetaux.FixedArity.arrivalRecursion; DerridaRetaux.arrivalCoeff_succ_eq_formulaSource","PROVED","none","none","{""DerridaRetaux.FixedArity.arrivalRecursion"": [], ""DerridaRetaux.arrivalCoeff_succ_eq_formulaSource"": []}"
"eq:kappa","447","DerridaRetaux/Main/Arrival.lean; DerridaRetaux/Arrival/ArrivalRecursion.lean","DerridaRetaux.FixedArity.arrivalRecursion; DerridaRetaux.arrivalKappa_succ","PROVED","none","none","{""DerridaRetaux.FixedArity.arrivalRecursion"": [], ""DerridaRetaux.arrivalKappa_succ"": []}"
"eq:arrivalDuhamel","450","DerridaRetaux/Main/Arrival.lean; DerridaRetaux/Arrival/ArrivalRecursion.lean","DerridaRetaux.FixedArity.arrivalRecursion; DerridaRetaux.arrivalCoeff_duhamel","PROVED","none","none","{""DerridaRetaux.FixedArity.arrivalRecursion"": [], ""DerridaRetaux.arrivalCoeff_duhamel"": []}"
"eq:Fmoment","469","DerridaRetaux/Arrival/MomentTail.lean","DerridaRetaux.arrivalValueAtOne; DerridaRetaux.shiftedCubicMoment; DerridaRetaux.arrivalMomentTail_bounds","PROVED","H1a;H1b","H1a;H1b","{""DerridaRetaux.arrivalValueAtOne"": [], ""DerridaRetaux.shiftedCubicMoment"": [], ""DerridaRetaux.arrivalMomentTail_bounds"": []}"
"eq:Ftail","479","DerridaRetaux/Arrival/MomentTail.lean","DerridaRetaux.coefficientTail_le_shiftedCubicMoment_div; DerridaRetaux.arrivalMomentTail_bounds","PROVED","H1a;H1b","H1a;H1b","{""DerridaRetaux.coefficientTail_le_shiftedCubicMoment_div"": [], ""DerridaRetaux.arrivalMomentTail_bounds"": []}"
"eq:sourcedifference","490","DerridaRetaux/Arrival/SourceDifferenceBound.lean; DerridaRetaux/Main/ArrivalBounds.lean","DerridaRetaux.arrivalFormulaSource_sub_tail_bound_of_H1; DerridaRetaux.FixedArity.sourceDifference","PROVED","H1a;H1b","H1a;H1b","{""DerridaRetaux.arrivalFormulaSource_sub_tail_bound_of_H1"": [], ""DerridaRetaux.FixedArity.sourceDifference"": [""DerridaRetaux.HumanInputs.cdhls_excess_upper"", ""DerridaRetaux.HumanInputs.cdhls_product_upper""]}"
"eq:threechanges","502","DerridaRetaux/Arrival/SourceDifference.lean","DerridaRetaux.arrivalFormulaSource_sub_eq_threeChanges; DerridaRetaux.arrivalFormulaSource_sub_eq_fullyExpanded","PROVED","none","none","{""DerridaRetaux.arrivalFormulaSource_sub_eq_threeChanges"": [], ""DerridaRetaux.arrivalFormulaSource_sub_eq_fullyExpanded"": []}"
"eq:tag","517","DerridaRetaux/Arrival/SourceTags.lean; DerridaRetaux/Arrival/SourceNormalForm.lean","DerridaRetaux.SourceMonomialTag.q_eq_outerDegree_sub_nB_add_e_of_function; DerridaRetaux.SourceMonomialTag.e_le_arity_product; DerridaRetaux.SourceMonomialTag.q_le_arity_sq; DerridaRetaux.SourceMonomialTag.tailThreshold_eq; DerridaRetaux.sourceChoiceOrder_eq_tag_q; DerridaRetaux.sum_sourceFactorCoreExcess_eq_tag_e; DerridaRetaux.sourceFunctionExpandedTerm_eq_tagNormalForm; DerridaRetaux.actual_sourceDifference_terms_have_valid_normalForms","PROVED","none","none","{""DerridaRetaux.SourceMonomialTag.q_eq_outerDegree_sub_nB_add_e_of_function"": [], ""DerridaRetaux.SourceMonomialTag.e_le_arity_product"": [], ""DerridaRetaux.SourceMonomialTag.q_le_arity_sq"": [], ""DerridaRetaux.SourceMonomialTag.tailThreshold_eq"": [], ""DerridaRetaux.sourceChoiceOrder_eq_tag_q"": [], ""DerridaRetaux.sum_sourceFactorCoreExcess_eq_tag_e"": [], ""DerridaRetaux.sourceFunctionExpandedTerm_eq_tagNormalForm"": [], ""DerridaRetaux.actual_sourceDifference_terms_have_valid_normalForms"": []}"
"eq:tagbound","527","DerridaRetaux/Arrival/SourceDifferenceBound.lean","DerridaRetaux.taggedSourceTerm_tailControlled_of_H1; DerridaRetaux.taggedSourceTerm_tailControlled_uniform","PROVED","H1a;H1b","H1a;H1b","{""DerridaRetaux.taggedSourceTerm_tailControlled_of_H1"": [], ""DerridaRetaux.taggedSourceTerm_tailControlled_uniform"": []}"
"eq:far","540","DerridaRetaux/Arrival/InitialTail.lean; DerridaRetaux/Arrival/VisitOnce.lean; DerridaRetaux/Arrival/SourceDifferenceBound.lean; DerridaRetaux/Main/ArrivalBounds.lean","DerridaRetaux.arrivalCoeff_far_bound_of_H1; DerridaRetaux.FixedArity.farArrivalBound","PROVED","H1a;H1b","H1a;H1b","{""DerridaRetaux.arrivalCoeff_far_bound_of_H1"": [], ""DerridaRetaux.FixedArity.farArrivalBound"": [""DerridaRetaux.HumanInputs.cdhls_excess_upper"", ""DerridaRetaux.HumanInputs.cdhls_product_upper""]}"
"eq:rhor","567","DerridaRetaux/Model/DensityRecursion.lean","DerridaRetaux.positiveTiltedDensity_orbit_succ","PROVED","none","none","{""DerridaRetaux.positiveTiltedDensity_orbit_succ"": []}"
"eq:convnorms","582","DerridaRetaux/Analysis/ConvolutionNorms.lean; DerridaRetaux/Analysis/OrbitConvolutionBounds.lean","DerridaRetaux.weightedL1Three_convPow_le_pow; DerridaRetaux.weightedSupThree_convPow_succ_le; DerridaRetaux.convolutionNorms_orbit_of_pointwise","PROVED","none","H1a;H1b","{""DerridaRetaux.weightedL1Three_convPow_le_pow"": [], ""DerridaRetaux.weightedSupThree_convPow_succ_le"": [], ""DerridaRetaux.convolutionNorms_orbit_of_pointwise"": []}"
"eq:shiftgain","587","DerridaRetaux/Analysis/WeightedNorm.lean","DerridaRetaux.weightedSupThree_shiftLeft_iterate_gain","PROVED","none","none","{""DerridaRetaux.weightedSupThree_shiftLeft_iterate_gain"": []}"
"eq:rhoshort","599","DerridaRetaux/Analysis/SmoothingAlgebra.lean","DerridaRetaux.shortDensityStep; DerridaRetaux.positiveTiltedDensity_orbit_succ_short","PROVED","none","none","{""DerridaRetaux.shortDensityStep"": [], ""DerridaRetaux.positiveTiltedDensity_orbit_succ_short"": []}"
"eq:coefficientbounds","603","DerridaRetaux/Analysis/SmoothingOrbitBounds.lean; DerridaRetaux/Analysis/CoefficientVariation.lean","DerridaRetaux.smoothing_coefficients_orbit_bounds; DerridaRetaux.quadraticDensityAt_lipschitz_on_unit; DerridaRetaux.coefficientVariation_orbit_of_H1a_and_pointwise","PROVED","H1a;H1b","H1a;H1b","{""DerridaRetaux.smoothing_coefficients_orbit_bounds"": [], ""DerridaRetaux.quadraticDensityAt_lipschitz_on_unit"": [], ""DerridaRetaux.coefficientVariation_orbit_of_H1a_and_pointwise"": []}"
"eq:Bevolution","615","DerridaRetaux/Analysis/SmoothingAlgebra.lean","DerridaRetaux.densityB; DerridaRetaux.densityB_orbit_succ","PROVED","none","none","{""DerridaRetaux.densityB"": [], ""DerridaRetaux.densityB_orbit_succ"": []}"
"eq:R","619","DerridaRetaux/Analysis/SmoothingAlgebra.lean","DerridaRetaux.smoothingRemainder; DerridaRetaux.densityR; DerridaRetaux.densityR_apply; DerridaRetaux.densityR_two","PROVED","none","none","{""DerridaRetaux.smoothingRemainder"": [], ""DerridaRetaux.densityR"": [], ""DerridaRetaux.densityR_apply"": [], ""DerridaRetaux.densityR_two"": []}"
"eq:REbounds","625","DerridaRetaux/Analysis/SmoothingOrbitBounds.lean","DerridaRetaux.densityE_orbit_weightedSup_order_four; DerridaRetaux.densityE_orbit_weightedL1_order_three; DerridaRetaux.densityR_orbit_weightedSup_order_four; DerridaRetaux.smoothingRemainders_orbit_of_H1_and_pointwise","PROVED","none","H1a;H1b","{""DerridaRetaux.densityE_orbit_weightedSup_order_four"": [], ""DerridaRetaux.densityE_orbit_weightedL1_order_three"": [], ""DerridaRetaux.densityR_orbit_weightedSup_order_four"": [], ""DerridaRetaux.smoothingRemainders_orbit_of_H1_and_pointwise"": []}"
"eq:split","639","DerridaRetaux/Analysis/TruncatedTelescope.lean","DerridaRetaux.positiveTiltedDensity_eq_transportRatio_add_quadratic_add_higher; DerridaRetaux.densityQuadraticSegment_eq_weightedKernelSum; DerridaRetaux.densityLateSegment","PROVED","none","none","{""DerridaRetaux.positiveTiltedDensity_eq_transportRatio_add_quadratic_add_higher"": [], ""DerridaRetaux.densityQuadraticSegment_eq_weightedKernelSum"": [], ""DerridaRetaux.densityLateSegment"": []}"
"eq:telescope","652","DerridaRetaux/Analysis/TruncatedTelescope.lean","DerridaRetaux.discreteDerivative_densityQuadraticSegment_telescope","PROVED","none","none","{""DerridaRetaux.discreteDerivative_densityQuadraticSegment_telescope"": []}"
"eq:lateQ","664","DerridaRetaux/Analysis/TruncatedSmoothingBounds.lean","DerridaRetaux.densityQuadraticSegment_derivative_weightedSup_log_bound","PROVED","H1a;H1b","H1a;H1b","{""DerridaRetaux.densityQuadraticSegment_derivative_weightedSup_log_bound"": []}"
"eq:lateV","674","DerridaRetaux/Analysis/TruncatedSmoothingBounds.lean","DerridaRetaux.densityLateSegment_derivative_weightedSup_log_bound","PROVED","H1a;H1b","H1a;H1b","{""DerridaRetaux.densityLateSegment_derivative_weightedSup_log_bound"": []}"
"eq:earlyI","687","DerridaRetaux/Analysis/TruncatedSmoothingBounds.lean","DerridaRetaux.densityInitialSegment_weightedSup_bound; DerridaRetaux.truncatedSmoothingSplit_of_H1","PROVED","H1a;H1b","H1a;H1b","{""DerridaRetaux.densityInitialSegment_weightedSup_bound"": [], ""DerridaRetaux.truncatedSmoothingSplit_of_H1"": []}"
"eq:twoparameter","691","DerridaRetaux/Main/Smoothing.lean","DerridaRetaux.FixedArity.smoothingTwoParameter","PROVED","H1a;H1b","H1a;H1b","{""DerridaRetaux.FixedArity.smoothingTwoParameter"": [""DerridaRetaux.HumanInputs.cdhls_excess_upper"", ""DerridaRetaux.HumanInputs.cdhls_product_upper""]}"
"eq:increment","719","DerridaRetaux/Spine/Coupling.lean; DerridaRetaux/Main/SpineCore.lean","DerridaRetaux.cubicSpineExpectedPositiveIncrement_le_four; DerridaRetaux.FixedArity.cubicWeightedChain","PROVED","none","none","{""DerridaRetaux.cubicSpineExpectedPositiveIncrement_le_four"": [], ""DerridaRetaux.FixedArity.cubicWeightedChain"": []}"
"eq:sharptail","723","DerridaRetaux/Spine/Coupling.lean; DerridaRetaux/Main/SpineCore.lean","DerridaRetaux.spineSharpTail_le_initial_add; DerridaRetaux.FixedArity.cubicWeightedChain","PROVED","none","none","{""DerridaRetaux.spineSharpTail_le_initial_add"": [], ""DerridaRetaux.FixedArity.cubicWeightedChain"": []}"
"eq:allocation","729","DerridaRetaux/Spine/Allocation.lean","DerridaRetaux.cubicAllocationWeight; DerridaRetaux.cubicAllocationPMF","DEFINITION","none","none","{""DerridaRetaux.cubicAllocationWeight"": [], ""DerridaRetaux.cubicAllocationPMF"": []}"
"eq:incformula","749","DerridaRetaux/Spine/Coupling.lean; DerridaRetaux/Main/SpineCore.lean","DerridaRetaux.cubicSpineExpectedPositiveIncrement_eq_ratio; DerridaRetaux.FixedArity.cubicWeightedChain","PROVED","none","none","{""DerridaRetaux.cubicSpineExpectedPositiveIncrement_eq_ratio"": [], ""DerridaRetaux.FixedArity.cubicWeightedChain"": []}"
"eq:thirdtail","777","DerridaRetaux/Spine/ConcreteTail.lean; DerridaRetaux/Main/Spine.lean","DerridaRetaux.profileThirdTail_quadratic_of_concreteSpine; DerridaRetaux.FixedArity.thirdMomentTail","PROVED","H1b","H1b","{""DerridaRetaux.profileThirdTail_quadratic_of_concreteSpine"": [], ""DerridaRetaux.FixedArity.thirdMomentTail"": [""DerridaRetaux.HumanInputs.cdhls_product_upper""]}"
"eq:UI","782","DerridaRetaux/Spine/ConcreteTail.lean; DerridaRetaux/Main/Spine.lean","DerridaRetaux.profileThirdTail_uniform_integrability_of_concreteSpine; DerridaRetaux.FixedArity.thirdMomentTail","PROVED","H1b","H1b","{""DerridaRetaux.profileThirdTail_uniform_integrability_of_concreteSpine"": [], ""DerridaRetaux.FixedArity.thirdMomentTail"": [""DerridaRetaux.HumanInputs.cdhls_product_upper""]}"
"eq:Amoment","800","DerridaRetaux/Main/ContinuumMomentBounds.lean; DerridaRetaux/Main/ContinuumLimit.lean","DerridaRetaux.FixedArity.subsequentialMoment_bounds; DerridaRetaux.FixedArity.subsequentialLimitProperties","PROVED","H1a;H1b","H1a;H1b","{""DerridaRetaux.FixedArity.subsequentialMoment_bounds"": [""DerridaRetaux.HumanInputs.cdhls_excess_upper"", ""DerridaRetaux.HumanInputs.cdhls_product_upper""], ""DerridaRetaux.FixedArity.subsequentialLimitProperties"": [""DerridaRetaux.HumanInputs.cdhls_excess_upper"", ""DerridaRetaux.HumanInputs.cdhls_product_upper""]}"
"eq:limitthirdtail","804","DerridaRetaux/Main/ContinuumThirdTail.lean; DerridaRetaux/Main/ContinuumLimit.lean","DerridaRetaux.FixedArity.subsequentialThirdMomentTail; DerridaRetaux.FixedArity.subsequentialLimitProperties","PROVED","H1b","H1a;H1b","{""DerridaRetaux.FixedArity.subsequentialThirdMomentTail"": [""DerridaRetaux.HumanInputs.cdhls_excess_upper"", ""DerridaRetaux.HumanInputs.cdhls_product_upper""], ""DerridaRetaux.FixedArity.subsequentialLimitProperties"": [""DerridaRetaux.HumanInputs.cdhls_excess_upper"", ""DerridaRetaux.HumanInputs.cdhls_product_upper""]}"
"eq:mild","808","DerridaRetaux/Analysis/MildEquation.lean; DerridaRetaux/Main/ContinuumMild.lean","DerridaRetaux.gluedExhaustionLimit_mild_of_H1a; DerridaRetaux.FixedArity.subsequentialMildEquation","PROVED","H1a;H1b","H1a;H1b","{""DerridaRetaux.gluedExhaustionLimit_mild_of_H1a"": [], ""DerridaRetaux.FixedArity.subsequentialMildEquation"": [""DerridaRetaux.HumanInputs.cdhls_excess_upper"", ""DerridaRetaux.HumanInputs.cdhls_product_upper""]}"
"eq:momentpass","819","DerridaRetaux/Main/ContinuumMomentPassage.lean","DerridaRetaux.FixedArity.subsequentialMoment_tendsto","PROVED","H1a;H1b","H1a;H1b","{""DerridaRetaux.FixedArity.subsequentialMoment_tendsto"": [""DerridaRetaux.HumanInputs.cdhls_excess_upper"", ""DerridaRetaux.HumanInputs.cdhls_product_upper""]}"
"eq:momentODE","856","DerridaRetaux/Main/MomentLaplaceODE.lean","DerridaRetaux.FixedArity.momentLaplaceODE","PROVED","H1a;H1b","H1a;H1b","{""DerridaRetaux.FixedArity.momentLaplaceODE"": [""DerridaRetaux.HumanInputs.cdhls_excess_upper"", ""DerridaRetaux.HumanInputs.cdhls_product_upper""]}"
"eq:laplaceODE","857","DerridaRetaux/Main/MomentLaplaceODE.lean","DerridaRetaux.FixedArity.momentLaplaceODE","PROVED","H1a;H1b","H1a;H1b","{""DerridaRetaux.FixedArity.momentLaplaceODE"": [""DerridaRetaux.HumanInputs.cdhls_excess_upper"", ""DerridaRetaux.HumanInputs.cdhls_product_upper""]}"
"eq:A3lower","877","DerridaRetaux/Analysis/LaplaceGap.lean","DerridaRetaux.positiveHalfLineMoment_one_sq_le_zero_mul_two; DerridaRetaux.positiveHalfLineMoment_two_sq_le_one_mul_three; DerridaRetaux.positiveHalfLineMoment_A3_lower","PROVED","H1a;H1b","H1a;H1b","{""DerridaRetaux.positiveHalfLineMoment_one_sq_le_zero_mul_two"": [], ""DerridaRetaux.positiveHalfLineMoment_two_sq_le_one_mul_three"": [], ""DerridaRetaux.positiveHalfLineMoment_A3_lower"": []}"
"eq:ZODE","885","DerridaRetaux/Analysis/LaplaceGap.lean","DerridaRetaux.hasDerivAt_momentLaplaceGap; DerridaRetaux.deriv_momentLaplaceGap_eq","PROVED","H1a;H1b","H1a;H1b","{""DerridaRetaux.hasDerivAt_momentLaplaceGap"": [], ""DerridaRetaux.deriv_momentLaplaceGap_eq"": []}"
"eq:taylorthird","891","DerridaRetaux/Main/Remainder.lean","DerridaRetaux.FixedArity.thirdOrderTaylorRemainder","PROVED","H1a;H1b","H1a;H1b","{""DerridaRetaux.FixedArity.thirdOrderTaylorRemainder"": [""DerridaRetaux.HumanInputs.cdhls_excess_upper"", ""DerridaRetaux.HumanInputs.cdhls_product_upper""]}"
"eq:Y","912","DerridaRetaux/Rigidity/StringCoordinates.lean","DerridaRetaux.stringY; DerridaRetaux.stringA2Y; DerridaRetaux.stringXi; DerridaRetaux.stringMassPrimitive","DEFINITION","none","H1a;H1b","{""DerridaRetaux.stringY"": [], ""DerridaRetaux.stringA2Y"": [], ""DerridaRetaux.stringXi"": [], ""DerridaRetaux.stringMassPrimitive"": []}"
"eq:stringcoordinates","920","DerridaRetaux/Rigidity/StringCoordinates.lean","DerridaRetaux.hasDerivAt_stringY; DerridaRetaux.hasDerivAt_stringA2Y; DerridaRetaux.stringXi_eq_neg_integral_Ioi; DerridaRetaux.stringXi_bijOn; DerridaRetaux.stringXiMassCoordinate_comp_eq; DerridaRetaux.hasDerivAt_stringXiMassCoordinate","PROVED","none","H1a;H1b","{""DerridaRetaux.hasDerivAt_stringY"": [], ""DerridaRetaux.hasDerivAt_stringA2Y"": [], ""DerridaRetaux.stringXi_eq_neg_integral_Ioi"": [], ""DerridaRetaux.stringXi_bijOn"": [], ""DerridaRetaux.stringXiMassCoordinate_comp_eq"": [], ""DerridaRetaux.hasDerivAt_stringXiMassCoordinate"": []}"
"eq:stringdensity","925","DerridaRetaux/Rigidity/StringCoordinates.lean","DerridaRetaux.stringY_two_sided; DerridaRetaux.stringA2Y_two_sided; DerridaRetaux.stringXiMassCoordinate_two_sided; DerridaRetaux.stringDensityCoefficient_vs_coordinate","PROVED","none","H1a;H1b","{""DerridaRetaux.stringY_two_sided"": [], ""DerridaRetaux.stringA2Y_two_sided"": [], ""DerridaRetaux.stringXiMassCoordinate_two_sided"": [], ""DerridaRetaux.stringDensityCoefficient_vs_coordinate"": []}"
"eq:stringintegrability","934","DerridaRetaux/Rigidity/StringAdmissibility.lean","DerridaRetaux.constructedEntranceString_isEntranceType; DerridaRetaux.constructedEntranceString_hasSecondEntranceMoment","PROVED","none","H1a;H1b","{""DerridaRetaux.constructedEntranceString_isEntranceType"": [], ""DerridaRetaux.constructedEntranceString_hasSecondEntranceMoment"": []}"
"eq:characteristic","942","DerridaRetaux/Rigidity/EntranceStringBase.lean","DerridaRetaux.HasSingularCharacteristic","DEFINITION","none","H1a;H1b then H2 at comparison","{""DerridaRetaux.HasSingularCharacteristic"": []}"
"eq:Phi","949","DerridaRetaux/Rigidity/ConstructedSolution.lean","DerridaRetaux.constructedPhi; DerridaRetaux.constructedEndpointAtTime","DEFINITION","none","H1a;H1b","{""DerridaRetaux.constructedPhi"": [], ""DerridaRetaux.constructedEndpointAtTime"": []}"
"eq:fODE","954","DerridaRetaux/Rigidity/ConstructedSolution.lean; DerridaRetaux/Rigidity/EndpointEntranceSolution.lean","DerridaRetaux.hasDerivAt_constructedPhi; DerridaRetaux.hasDerivAt_constructedEndpointAtTime; DerridaRetaux.hasDerivAt_entranceSolutionFromEndpoint; DerridaRetaux.hasDerivAt_entranceSolutionFromEndpointSlope","PROVED","none","H1a;H1b","{""DerridaRetaux.hasDerivAt_constructedPhi"": [], ""DerridaRetaux.hasDerivAt_constructedEndpointAtTime"": [], ""DerridaRetaux.hasDerivAt_entranceSolutionFromEndpoint"": [], ""DerridaRetaux.hasDerivAt_entranceSolutionFromEndpointSlope"": []}"
"eq:fpentrance","963","DerridaRetaux/Rigidity/EndpointEntranceNormalization.lean; DerridaRetaux/Rigidity/EndpointEntranceLowerBound.lean","DerridaRetaux.tendsto_entranceSolutionFromEndpoint_atBot_one; DerridaRetaux.one_le_entranceSolutionFromEndpoint","PROVED","none","H1a;H1b","{""DerridaRetaux.tendsto_entranceSolutionFromEndpoint_atBot_one"": [], ""DerridaRetaux.one_le_entranceSolutionFromEndpoint"": []}"
"eq:h","992","DerridaRetaux/Main/ContinuumCharacteristic.lean","DerridaRetaux.FixedArity.subsequentialConstructedString_hasSingularCharacteristic","PROVED","H1a;H1b","H1a;H1b before H2","{""DerridaRetaux.FixedArity.subsequentialConstructedString_hasSingularCharacteristic"": [""DerridaRetaux.HumanInputs.cdhls_excess_upper"", ""DerridaRetaux.HumanInputs.cdhls_product_upper""]}"
"eq:modelstring","998","DerridaRetaux/Rigidity/ModelString.lean","DerridaRetaux.modelStringDensity; DerridaRetaux.modelStringMass; DerridaRetaux.modelEntranceString; DerridaRetaux.model_stringCumulative_of_neg; DerridaRetaux.model_stringCumulative_of_nonneg; DerridaRetaux.modelEntranceString_hasRightEnd_zero","PROVED","none","none","{""DerridaRetaux.modelStringDensity"": [], ""DerridaRetaux.modelStringMass"": [], ""DerridaRetaux.modelEntranceString"": [], ""DerridaRetaux.model_stringCumulative_of_neg"": [], ""DerridaRetaux.model_stringCumulative_of_nonneg"": [], ""DerridaRetaux.modelEntranceString_hasRightEnd_zero"": []}"
"eq:rigidprofile","1026","DerridaRetaux/Main/ContinuumProfile.lean; DerridaRetaux/Main/IdentificationFinal.lean","DerridaRetaux.FixedArity.subsequentialDensity_eq_yaglom; DerridaRetaux.FixedArity.identifySubsequentialLimit","PROVED","H1a;H1b;H2","H1a;H1b;H2","{""DerridaRetaux.FixedArity.subsequentialDensity_eq_yaglom"": [""DerridaRetaux.HumanInputs.cdhls_excess_upper"", ""DerridaRetaux.HumanInputs.cdhls_product_upper"", ""DerridaRetaux.HumanInputs.kotani_characteristic_eq_implies_translate""], ""DerridaRetaux.FixedArity.identifySubsequentialLimit"": [""DerridaRetaux.HumanInputs.cdhls_excess_upper"", ""DerridaRetaux.HumanInputs.cdhls_product_upper"", ""DerridaRetaux.HumanInputs.kotani_characteristic_eq_implies_translate""]}"
