"source_label","source_line","lean_file","lean_name","status","transitive_human_inputs","expected_inputs","compiled_declaration_custom_axioms"
"eq:model","116","DerridaRetaux/Model/Recursion.lean; DerridaRetaux/Basic/Convolution.lean; DerridaRetaux/Basic/RecursionBridge.lean","DerridaRetaux.lawStep; DerridaRetaux.orbit; DerridaRetaux.drStepProb; DerridaRetaux.drStep_eq_drStepProb; DerridaRetaux.orbit_eq_coefficientOrbit","PROVED","none","none","{""DerridaRetaux.drStepProb"": [], ""DerridaRetaux.drStep_eq_drStepProb"": [], ""DerridaRetaux.lawStep"": [], ""DerridaRetaux.orbit"": [], ""DerridaRetaux.orbit_eq_coefficientOrbit"": []}"
"eq:assumptions","120","DerridaRetaux/Basic/ProbabilityMass.lean","DerridaRetaux.Critical; DerridaRetaux.ProfileInitialData","DEFINITION","none","none","{""DerridaRetaux.Critical"": [], ""DerridaRetaux.ProfileInitialData"": []}"
"eq:notation","128","DerridaRetaux/Model/Tilted.lean; DerridaRetaux/Model/NormalizedTilt.lean; DerridaRetaux/Model/Observables.lean","DerridaRetaux.tiltedPartition; DerridaRetaux.normalizedTilt; DerridaRetaux.excess; DerridaRetaux.survival","DEFINITION","none","none","{""DerridaRetaux.excess"": [], ""DerridaRetaux.normalizedTilt"": [], ""DerridaRetaux.survival"": [], ""DerridaRetaux.tiltedPartition"": []}"
"eq:rho","133","DerridaRetaux/Model/NormalizedTilt.lean","DerridaRetaux.positiveTiltedDensity","DEFINITION","none","none","{""DerridaRetaux.positiveTiltedDensity"": []}"
"eq:mainprofile","151","DerridaRetaux/Main/ProfileFinal.lean; DerridaRetaux/Main/ProfileTheorem.lean","DerridaRetaux.FixedArity.profileDensity; DerridaRetaux.FixedArity.profile","PROVED","H1a;H1b;H2","H1a;H1b;H2","{""DerridaRetaux.FixedArity.profile"": [""DerridaRetaux.HumanInputs.cdhls_excess_upper"", ""DerridaRetaux.HumanInputs.cdhls_product_upper"", ""DerridaRetaux.HumanInputs.kotani_characteristic_eq_implies_translate""], ""DerridaRetaux.FixedArity.profileDensity"": [""DerridaRetaux.HumanInputs.cdhls_excess_upper"", ""DerridaRetaux.HumanInputs.cdhls_product_upper"", ""DerridaRetaux.HumanInputs.kotani_characteristic_eq_implies_translate""]}"
"eq:main1","157","DerridaRetaux/Main/ProfileTheorem.lean","DerridaRetaux.FixedArity.profile","PROVED","H1a;H1b;H2","H1a;H1b;H2","{""DerridaRetaux.FixedArity.profile"": [""DerridaRetaux.HumanInputs.cdhls_excess_upper"", ""DerridaRetaux.HumanInputs.cdhls_product_upper"", ""DerridaRetaux.HumanInputs.kotani_characteristic_eq_implies_translate""]}"
"eq:main2","159","DerridaRetaux/Main/ProfileTheorem.lean","DerridaRetaux.FixedArity.profile","PROVED","H1a;H1b;H2","H1a;H1b;H2","{""DerridaRetaux.FixedArity.profile"": [""DerridaRetaux.HumanInputs.cdhls_excess_upper"", ""DerridaRetaux.HumanInputs.cdhls_product_upper"", ""DerridaRetaux.HumanInputs.kotani_characteristic_eq_implies_translate""]}"
"eq:atoms","162","DerridaRetaux/Main/ProfileTheorem.lean","DerridaRetaux.FixedArity.profile","PROVED","H1a;H1b;H2","H1a;H1b;H2","{""DerridaRetaux.FixedArity.profile"": [""DerridaRetaux.HumanInputs.cdhls_excess_upper"", ""DerridaRetaux.HumanInputs.cdhls_product_upper"", ""DerridaRetaux.HumanInputs.kotani_characteristic_eq_implies_translate""]}"
"eq:tv","167","DerridaRetaux/Main/ProfileTheorem.lean","DerridaRetaux.FixedArity.profile","PROVED","H1a;H1b;H2","H1a;H1b;H2","{""DerridaRetaux.FixedArity.profile"": [""DerridaRetaux.HumanInputs.cdhls_excess_upper"", ""DerridaRetaux.HumanInputs.cdhls_product_upper"", ""DerridaRetaux.HumanInputs.kotani_characteristic_eq_implies_translate""]}"
"eq:pgf","265","DerridaRetaux/Model/GeneratingFunction.lean","DerridaRetaux.generatingFunction_drStep_cross; DerridaRetaux.generatingFunction_drStep; DerridaRetaux.generatingFunction_paperStep; DerridaRetaux.generatingFunction_orbit_succ_cross","PROVED","none","none","{""DerridaRetaux.generatingFunction_drStep"": [], ""DerridaRetaux.generatingFunction_drStep_cross"": [], ""DerridaRetaux.generatingFunction_orbit_succ_cross"": [], ""DerridaRetaux.generatingFunction_paperStep"": []}"
"eq:qmean","273","DerridaRetaux/Model/NormalizedTilt.lean","DerridaRetaux.normalizedTilt_hasSum; DerridaRetaux.normalizedTilt_mean_hasSum","PROVED","none","none","{""DerridaRetaux.normalizedTilt_hasSum"": [], ""DerridaRetaux.normalizedTilt_mean_hasSum"": []}"
"eq:tilt","277","DerridaRetaux/Model/TiltedRecursion.lean","DerridaRetaux.normalizedTiltGeneratingFunction_orbit_succ; DerridaRetaux.tiltedPartition_orbit_succ_eq","PROVED","none","none","{""DerridaRetaux.normalizedTiltGeneratingFunction_orbit_succ"": [], ""DerridaRetaux.tiltedPartition_orbit_succ_eq"": []}"
"eq:coarse","294","DerridaRetaux/Prelim/AtomTail.lean; DerridaRetaux/Prelim/CoarseMomentBounds.lean","DerridaRetaux.orbitExcess_bound_all; DerridaRetaux.criticalProduct_bound_all_of_CDHLSProductFact","PROVED","H1a;H1b","H1a;H1b","{""DerridaRetaux.criticalProduct_bound_all_of_CDHLSProductFact"": [], ""DerridaRetaux.orbitExcess_bound_all"": []}"
"eq:theta","299","DerridaRetaux/Model/CoarseRelations.lean; DerridaRetaux/Prelim/AtomTail.lean","DerridaRetaux.survival_le_excess_div_of_critical; DerridaRetaux.positiveTiltMass_orbit_eq; DerridaRetaux.orbitPositiveTiltMass_bound_all","PROVED","H1a","H1a","{""DerridaRetaux.orbitPositiveTiltMass_bound_all"": [], ""DerridaRetaux.positiveTiltMass_orbit_eq"": [], ""DerridaRetaux.survival_le_excess_div_of_critical"": []}"
"eq:cubic","333","DerridaRetaux/Prelim/CubicMoment.lean","DerridaRetaux.cubicCarrier_eq_fallingFactorials; DerridaRetaux.cubicCarrier_two; DerridaRetaux.cubicCarrier_pos_iff_of_three_le","PROVED","none","none","{""DerridaRetaux.cubicCarrier_eq_fallingFactorials"": [], ""DerridaRetaux.cubicCarrier_pos_iff_of_three_le"": [], ""DerridaRetaux.cubicCarrier_two"": []}"
"eq:J","341","DerridaRetaux/Main/DiscreteMoment.lean; DerridaRetaux/Prelim/CoarseMomentBounds.lean","DerridaRetaux.FixedArity.cubicMoment; DerridaRetaux.normalizedCubicMoment_eqJ","PROVED","H1b","H1b","{""DerridaRetaux.FixedArity.cubicMoment"": [""DerridaRetaux.HumanInputs.cdhls_product_upper""], ""DerridaRetaux.normalizedCubicMoment_eqJ"": []}"
"eq:lowmoments","346","DerridaRetaux/Main/DiscreteMoment.lean; DerridaRetaux/Prelim/CoarseMomentBounds.lean","DerridaRetaux.FixedArity.cubicMoment; DerridaRetaux.normalizedTilt_lowMoments_orbit","PROVED","H1b","H1b","{""DerridaRetaux.FixedArity.cubicMoment"": [""DerridaRetaux.HumanInputs.cdhls_product_upper""], ""DerridaRetaux.normalizedTilt_lowMoments_orbit"": []}"
"eq:c","417","DerridaRetaux/Model/TransportCoefficient.lean","DerridaRetaux.transportCoeff; DerridaRetaux.transportProduct","DEFINITION","none","none","{""DerridaRetaux.transportCoeff"": [], ""DerridaRetaux.transportProduct"": []}"
"eq:C","422","DerridaRetaux/Model/TransportCoefficient.lean; DerridaRetaux/Prelim/AtomTail.lean; DerridaRetaux/Model/TransportLimit.lean","DerridaRetaux.transportCoeff_pos; DerridaRetaux.transportCoeff_le_one; DerridaRetaux.orbitTransportDefect_summable; DerridaRetaux.tendsto_transportProduct_of_defect_summable; DerridaRetaux.transportProductLimit_pos_of_defect_summable; DerridaRetaux.orbitTransportDefect_le_of_positiveTiltMass_bound; DerridaRetaux.antitone_transportProduct","PROVED","H1a","H1a","{""DerridaRetaux.antitone_transportProduct"": [], ""DerridaRetaux.orbitTransportDefect_le_of_positiveTiltMass_bound"": [], ""DerridaRetaux.orbitTransportDefect_summable"": [], ""DerridaRetaux.tendsto_transportProduct_of_defect_summable"": [], ""DerridaRetaux.transportCoeff_le_one"": [], ""DerridaRetaux.transportCoeff_pos"": [], ""DerridaRetaux.transportProductLimit_pos_of_defect_summable"": []}"
"eq:atomtail","451","DerridaRetaux/Main/DiscreteMoment.lean","DerridaRetaux.FixedArity.firstTiltedAtomTail","PROVED","H1a","H1a","{""DerridaRetaux.FixedArity.firstTiltedAtomTail"": [""DerridaRetaux.HumanInputs.cdhls_excess_upper""]}"
"eq:atomidentity","457","DerridaRetaux/Prelim/AtomTail.lean","DerridaRetaux.firstTiltedAtom_eq_theta_sub_theta_succ_add","PROVED","none","none","{""DerridaRetaux.firstTiltedAtom_eq_theta_sub_theta_succ_add"": []}"
"eq:weightedmass","486","DerridaRetaux/Main/RevisionStatements.lean","DerridaRetaux.FixedArity.weightedMass","PROVED","H1a;H1b","H1a;H1b","{""DerridaRetaux.FixedArity.weightedMass"": [""DerridaRetaux.HumanInputs.cdhls_excess_upper"", ""DerridaRetaux.HumanInputs.cdhls_product_upper""]}"
"eq:sup","525","DerridaRetaux/Main/Smoothing.lean","DerridaRetaux.FixedArity.smoothing","PROVED","H1a;H1b","H1a;H1b","{""DerridaRetaux.FixedArity.smoothing"": [""DerridaRetaux.HumanInputs.cdhls_excess_upper"", ""DerridaRetaux.HumanInputs.cdhls_product_upper""]}"
"eq:gradient","526","DerridaRetaux/Main/Smoothing.lean","DerridaRetaux.FixedArity.smoothing","PROVED","H1a;H1b","H1a;H1b","{""DerridaRetaux.FixedArity.smoothing"": [""DerridaRetaux.HumanInputs.cdhls_excess_upper"", ""DerridaRetaux.HumanInputs.cdhls_product_upper""]}"
"eq:spmod","529","DerridaRetaux/Main/Smoothing.lean","DerridaRetaux.FixedArity.smoothing","PROVED","H1a;H1b","H1a;H1b","{""DerridaRetaux.FixedArity.smoothing"": [""DerridaRetaux.HumanInputs.cdhls_excess_upper"", ""DerridaRetaux.HumanInputs.cdhls_product_upper""]}"
"eq:timemod","534","DerridaRetaux/Main/Smoothing.lean","DerridaRetaux.FixedArity.smoothing","PROVED","H1a;H1b","H1a;H1b","{""DerridaRetaux.FixedArity.smoothing"": [""DerridaRetaux.HumanInputs.cdhls_excess_upper"", ""DerridaRetaux.HumanInputs.cdhls_product_upper""]}"
"eq:rescaled","542","DerridaRetaux/Analysis/GridInterpolation.lean","DerridaRetaux.gridBilinearInterp; DerridaRetaux.gridBilinearInterp_eq_four_weights","PROVED","none","none","{""DerridaRetaux.gridBilinearInterp"": [], ""DerridaRetaux.gridBilinearInterp_eq_four_weights"": []}"
"eq:uN","546","DerridaRetaux/Analysis/GridInterpolation.lean; DerridaRetaux/Analysis/GridReadout.lean","DerridaRetaux.gridBilinearInterp_eq_four_weights; DerridaRetaux.orbitScaledGrid","PROVED","none","none","{""DerridaRetaux.gridBilinearInterp_eq_four_weights"": [], ""DerridaRetaux.orbitScaledGrid"": []}"
"eq:identifiedprofile","559","DerridaRetaux/Main/IdentificationFinal.lean","DerridaRetaux.FixedArity.identifySubsequentialLimit","PROVED","H1a;H1b;H2","H1a;H1b;H2","{""DerridaRetaux.FixedArity.identifySubsequentialLimit"": [""DerridaRetaux.HumanInputs.cdhls_excess_upper"", ""DerridaRetaux.HumanInputs.cdhls_product_upper"", ""DerridaRetaux.HumanInputs.kotani_characteristic_eq_implies_translate""]}"
"eqn:diff grid points","576","DerridaRetaux/Main/Smoothing.lean; DerridaRetaux/Analysis/RevisionGridRates.lean","DerridaRetaux.FixedArity.smoothing; DerridaRetaux.scaled_smoothing_rate_le_log","PROVED","H1a;H1b","H1a;H1b","{""DerridaRetaux.FixedArity.smoothing"": [""DerridaRetaux.HumanInputs.cdhls_excess_upper"", ""DerridaRetaux.HumanInputs.cdhls_product_upper""], ""DerridaRetaux.scaled_smoothing_rate_le_log"": []}"
"eqn:diff_grid_vs_nongird","597","DerridaRetaux/Analysis/GridEquicontinuity.lean; DerridaRetaux/Main/Smoothing.lean; DerridaRetaux/Analysis/RevisionGridRates.lean","DerridaRetaux.abs_gridBilinearInterp_sub_lowerLeft_le; DerridaRetaux.FixedArity.smoothing; DerridaRetaux.scaled_smoothing_rate_le_log; DerridaRetaux.log_modulus_inverse","PROVED","H1a;H1b","H1a;H1b","{""DerridaRetaux.FixedArity.smoothing"": [""DerridaRetaux.HumanInputs.cdhls_excess_upper"", ""DerridaRetaux.HumanInputs.cdhls_product_upper""], ""DerridaRetaux.abs_gridBilinearInterp_sub_lowerLeft_le"": [], ""DerridaRetaux.log_modulus_inverse"": [], ""DerridaRetaux.scaled_smoothing_rate_le_log"": []}"
"eq:space diff","624","DerridaRetaux/Analysis/RevisionInterpolation.lean; DerridaRetaux/Main/Smoothing.lean","DerridaRetaux.gridBilinearInterp_space_cell_bound; DerridaRetaux.FixedArity.smoothing","PROVED","H1a;H1b","H1a;H1b","{""DerridaRetaux.FixedArity.smoothing"": [""DerridaRetaux.HumanInputs.cdhls_excess_upper"", ""DerridaRetaux.HumanInputs.cdhls_product_upper""], ""DerridaRetaux.gridBilinearInterp_space_cell_bound"": []}"
"eq:time diff","628","DerridaRetaux/Analysis/RevisionInterpolation.lean; DerridaRetaux/Main/Smoothing.lean","DerridaRetaux.gridBilinearInterp_time_cell_bound; DerridaRetaux.FixedArity.smoothing","PROVED","H1a;H1b","H1a;H1b","{""DerridaRetaux.FixedArity.smoothing"": [""DerridaRetaux.HumanInputs.cdhls_excess_upper"", ""DerridaRetaux.HumanInputs.cdhls_product_upper""], ""DerridaRetaux.gridBilinearInterp_time_cell_bound"": []}"
"eq:boundary4","684","DerridaRetaux/Main/ProfileTheorem.lean","DerridaRetaux.FixedArity.profile","PROVED","H1a;H1b;H2","H1a;H1b;H2","{""DerridaRetaux.FixedArity.profile"": [""DerridaRetaux.HumanInputs.cdhls_excess_upper"", ""DerridaRetaux.HumanInputs.cdhls_product_upper"", ""DerridaRetaux.HumanInputs.kotani_characteristic_eq_implies_translate""]}"
"eq:pointwise","863","DerridaRetaux/Analysis/BoundaryPointwise.lean; DerridaRetaux/Analysis/PointwiseFromFar.lean; DerridaRetaux/Main/ArrivalBounds.lean","DerridaRetaux.positiveTiltedDensity_pointwise_of_H1; DerridaRetaux.FixedArity.pointwiseBound","PROVED","H1a;H1b","H1a;H1b","{""DerridaRetaux.FixedArity.pointwiseBound"": [""DerridaRetaux.HumanInputs.cdhls_excess_upper"", ""DerridaRetaux.HumanInputs.cdhls_product_upper""], ""DerridaRetaux.positiveTiltedDensity_pointwise_of_H1"": []}"
"eq:far","872","DerridaRetaux/Main/RevisionStatements.lean","DerridaRetaux.FixedArity.farArrivalBoundUniform","PROVED","H1a;H1b","H1a;H1b","{""DerridaRetaux.FixedArity.farArrivalBoundUniform"": [""DerridaRetaux.HumanInputs.cdhls_excess_upper"", ""DerridaRetaux.HumanInputs.cdhls_product_upper""]}"
"eq:rhor","910","DerridaRetaux/Model/DensityRecursion.lean","DerridaRetaux.positiveTiltedDensity_orbit_succ","PROVED","none","none","{""DerridaRetaux.positiveTiltedDensity_orbit_succ"": []}"
"eq:arrivalA","1001","DerridaRetaux/Arrival/ArrivalRecursion.lean","DerridaRetaux.arrivalAlpha; DerridaRetaux.arrivalFormulaSource","DEFINITION","none","none","{""DerridaRetaux.arrivalAlpha"": [], ""DerridaRetaux.arrivalFormulaSource"": []}"
"eq:arrivalrenewal","1009","DerridaRetaux/Main/Arrival.lean; DerridaRetaux/Arrival/ArrivalRecursion.lean","DerridaRetaux.FixedArity.arrivalRecursion; DerridaRetaux.arrivalCoeff_succ_eq_formulaSource","PROVED","none","none","{""DerridaRetaux.FixedArity.arrivalRecursion"": [], ""DerridaRetaux.arrivalCoeff_succ_eq_formulaSource"": []}"
"eq:kappa","1010","DerridaRetaux/Main/Arrival.lean; DerridaRetaux/Arrival/ArrivalRecursion.lean","DerridaRetaux.FixedArity.arrivalRecursion; DerridaRetaux.arrivalKappa_succ","PROVED","none","none","{""DerridaRetaux.FixedArity.arrivalRecursion"": [], ""DerridaRetaux.arrivalKappa_succ"": []}"
"eq:arrivalDuhamel","1013","DerridaRetaux/Main/Arrival.lean; DerridaRetaux/Arrival/ArrivalRecursion.lean","DerridaRetaux.FixedArity.arrivalRecursion; DerridaRetaux.arrivalCoeff_duhamel","PROVED","none","none","{""DerridaRetaux.FixedArity.arrivalRecursion"": [], ""DerridaRetaux.arrivalCoeff_duhamel"": []}"
"eq:Fmoment","1070","DerridaRetaux/Main/RevisionStatements.lean; DerridaRetaux/Arrival/MomentTail.lean","DerridaRetaux.FixedArity.arrivalMomentTail; DerridaRetaux.arrivalMomentTail_bounds","PROVED","H1a;H1b","H1a;H1b","{""DerridaRetaux.FixedArity.arrivalMomentTail"": [""DerridaRetaux.HumanInputs.cdhls_excess_upper"", ""DerridaRetaux.HumanInputs.cdhls_product_upper""], ""DerridaRetaux.arrivalMomentTail_bounds"": []}"
"eq:Ftail","1075","DerridaRetaux/Main/RevisionStatements.lean; DerridaRetaux/Arrival/MomentTail.lean","DerridaRetaux.FixedArity.arrivalMomentTail; DerridaRetaux.coefficientTail_le_shiftedCubicMoment_div","PROVED","H1a;H1b","H1a;H1b","{""DerridaRetaux.FixedArity.arrivalMomentTail"": [""DerridaRetaux.HumanInputs.cdhls_excess_upper"", ""DerridaRetaux.HumanInputs.cdhls_product_upper""], ""DerridaRetaux.coefficientTail_le_shiftedCubicMoment_div"": []}"
"eq:sourcedifference","1134","DerridaRetaux/Arrival/SourceDifferenceBound.lean; DerridaRetaux/Main/ArrivalBounds.lean","DerridaRetaux.arrivalFormulaSource_sub_tail_bound_of_H1; DerridaRetaux.FixedArity.sourceDifference","PROVED","H1a;H1b","H1a;H1b","{""DerridaRetaux.FixedArity.sourceDifference"": [""DerridaRetaux.HumanInputs.cdhls_excess_upper"", ""DerridaRetaux.HumanInputs.cdhls_product_upper""], ""DerridaRetaux.arrivalFormulaSource_sub_tail_bound_of_H1"": []}"
"eq:threechanges","1151","DerridaRetaux/Arrival/SourceDifference.lean","DerridaRetaux.arrivalFormulaSource_sub_eq_threeChanges; DerridaRetaux.arrivalFormulaSource_sub_eq_fullyExpanded","PROVED","none","none","{""DerridaRetaux.arrivalFormulaSource_sub_eq_fullyExpanded"": [], ""DerridaRetaux.arrivalFormulaSource_sub_eq_threeChanges"": []}"
"eq:rhoshort","1316","DerridaRetaux/Analysis/SmoothingAlgebra.lean","DerridaRetaux.shortDensityStep; DerridaRetaux.positiveTiltedDensity_orbit_succ_short","PROVED","none","none","{""DerridaRetaux.positiveTiltedDensity_orbit_succ_short"": [], ""DerridaRetaux.shortDensityStep"": []}"
"eq:split","1332","DerridaRetaux/Analysis/TruncatedTelescope.lean","DerridaRetaux.positiveTiltedDensity_eq_transportRatio_add_quadratic_add_higher; DerridaRetaux.densityQuadraticSegment_eq_weightedKernelSum; DerridaRetaux.densityLateSegment","PROVED","none","none","{""DerridaRetaux.densityLateSegment"": [], ""DerridaRetaux.densityQuadraticSegment_eq_weightedKernelSum"": [], ""DerridaRetaux.positiveTiltedDensity_eq_transportRatio_add_quadratic_add_higher"": []}"
"eq:earlyI","1346","DerridaRetaux/Analysis/TruncatedSmoothingBounds.lean","DerridaRetaux.densityInitialSegment_weightedSup_bound; DerridaRetaux.truncatedSmoothingSplit_of_H1","PROVED","H1a;H1b","H1a;H1b","{""DerridaRetaux.densityInitialSegment_weightedSup_bound"": [], ""DerridaRetaux.truncatedSmoothingSplit_of_H1"": []}"
"eq:spatialreduction","1368","DerridaRetaux/Analysis/LogSmoothingArithmetic.lean; DerridaRetaux/Analysis/TruncatedSmoothingBounds.lean","DerridaRetaux.weightedSupThree_twoParameter_of_split; DerridaRetaux.densityInitialSegment_weightedSup_bound","PROVED","none","none","{""DerridaRetaux.densityInitialSegment_weightedSup_bound"": [], ""DerridaRetaux.weightedSupThree_twoParameter_of_split"": []}"
"eqn:weight","1389","DerridaRetaux/Analysis/WeightedNorm.lean","DerridaRetaux.cubicWeight_add_le_mul","PROVED","none","none","{""DerridaRetaux.cubicWeight_add_le_mul"": []}"
"ineq:con_1","1412","DerridaRetaux/Analysis/WeightedNorm.lean","DerridaRetaux.weightedL1Three_conv_le","PROVED","none","none","{""DerridaRetaux.weightedL1Three_conv_le"": []}"
"ineq:con_inf","1432","DerridaRetaux/Analysis/ConvolutionNorms.lean","DerridaRetaux.weightedSupThree_conv_le","PROVED","none","none","{""DerridaRetaux.weightedSupThree_conv_le"": []}"
"eq:convnorms","1454","DerridaRetaux/Analysis/ConvolutionNorms.lean; DerridaRetaux/Analysis/OrbitConvolutionBounds.lean","DerridaRetaux.weightedL1Three_convPow_le_pow; DerridaRetaux.weightedSupThree_convPow_succ_le; DerridaRetaux.convolutionNorms_orbit_of_pointwise","PROVED","none","none","{""DerridaRetaux.convolutionNorms_orbit_of_pointwise"": [], ""DerridaRetaux.weightedL1Three_convPow_le_pow"": [], ""DerridaRetaux.weightedSupThree_convPow_succ_le"": []}"
"eq:Bevolution","1535","DerridaRetaux/Analysis/SmoothingAlgebra.lean","DerridaRetaux.densityB; DerridaRetaux.densityB_orbit_succ","PROVED","none","none","{""DerridaRetaux.densityB"": [], ""DerridaRetaux.densityB_orbit_succ"": []}"
"eq:REbounds","1580","DerridaRetaux/Analysis/SmoothingOrbitBounds.lean","DerridaRetaux.densityE_orbit_weightedSup_order_four; DerridaRetaux.densityE_orbit_weightedL1_order_three; DerridaRetaux.densityR_orbit_weightedSup_order_four; DerridaRetaux.smoothingRemainders_orbit_of_H1_and_pointwise","PROVED","none","none","{""DerridaRetaux.densityE_orbit_weightedL1_order_three"": [], ""DerridaRetaux.densityE_orbit_weightedSup_order_four"": [], ""DerridaRetaux.densityR_orbit_weightedSup_order_four"": [], ""DerridaRetaux.smoothingRemainders_orbit_of_H1_and_pointwise"": []}"
"eq:shiftgain","1608","DerridaRetaux/Analysis/WeightedNorm.lean","DerridaRetaux.weightedSupThree_shiftLeft_iterate_gain","PROVED","none","none","{""DerridaRetaux.weightedSupThree_shiftLeft_iterate_gain"": []}"
"eq:lateV","1746","DerridaRetaux/Analysis/TruncatedSmoothingBounds.lean","DerridaRetaux.densityLateSegment_derivative_weightedSup_log_bound","PROVED","H1a;H1b","H1a;H1b","{""DerridaRetaux.densityLateSegment_derivative_weightedSup_log_bound"": []}"
"eq:earlyIspatial","1759","DerridaRetaux/Analysis/TruncatedSmoothingBounds.lean","DerridaRetaux.densityInitialSegment_weightedSup_bound; DerridaRetaux.truncatedSmoothingSplit_of_H1","PROVED","none","none","{""DerridaRetaux.densityInitialSegment_weightedSup_bound"": [], ""DerridaRetaux.truncatedSmoothingSplit_of_H1"": []}"
"eq:Markov_marginals","1793","DerridaRetaux/Spine/InfinitePath.lean","DerridaRetaux.spineInfinitePathMeasure_marginal; DerridaRetaux.FixedArity.cubicWeightedInfiniteChain","PROVED","none","none","{""DerridaRetaux.FixedArity.cubicWeightedInfiniteChain"": [], ""DerridaRetaux.spineInfinitePathMeasure_marginal"": []}"
"eq:increment","1797","DerridaRetaux/Spine/Coupling.lean; DerridaRetaux/Main/SpineCore.lean","DerridaRetaux.cubicSpineExpectedPositiveIncrement_le_four; DerridaRetaux.FixedArity.cubicWeightedChain","PROVED","none","none","{""DerridaRetaux.FixedArity.cubicWeightedChain"": [], ""DerridaRetaux.cubicSpineExpectedPositiveIncrement_le_four"": []}"
"eq:sharptail","1801","DerridaRetaux/Spine/Coupling.lean; DerridaRetaux/Main/SpineCore.lean","DerridaRetaux.spineSharpTail_le_initial_add; DerridaRetaux.FixedArity.cubicWeightedChain","PROVED","none","none","{""DerridaRetaux.FixedArity.cubicWeightedChain"": [], ""DerridaRetaux.spineSharpTail_le_initial_add"": []}"
"eq:transition_prob_mult","1824","DerridaRetaux/Spine/Kernel.lean","DerridaRetaux.cubicSpineOutput; DerridaRetaux.cubicSpineKernel_eq_allocation; DerridaRetaux.cubicAllocationOutputPMF_apply_toReal","PROVED","none","none","{""DerridaRetaux.cubicAllocationOutputPMF_apply_toReal"": [], ""DerridaRetaux.cubicSpineKernel_eq_allocation"": [], ""DerridaRetaux.cubicSpineOutput"": []}"
"eq:h_m(V)_in(V)_k","1828","DerridaRetaux/Prelim/CubicMoment.lean","DerridaRetaux.cubicCarrier_natPred","PROVED","none","none","{""DerridaRetaux.cubicCarrier_natPred"": []}"
"eq:defn_A^(i)_m","1832","DerridaRetaux/Spine/Allocation.lean; DerridaRetaux/Prelim/CubicMoment.lean","DerridaRetaux.cubicAllocation_carrier_identity; DerridaRetaux.cubicCarrier_natPred","PROVED","none","none","{""DerridaRetaux.cubicAllocation_carrier_identity"": [], ""DerridaRetaux.cubicCarrier_natPred"": []}"
"eq:incformula","1849","DerridaRetaux/Spine/Coupling.lean; DerridaRetaux/Main/SpineCore.lean","DerridaRetaux.cubicSpineExpectedPositiveIncrement_eq_ratio; DerridaRetaux.FixedArity.cubicWeightedChain","PROVED","none","none","{""DerridaRetaux.FixedArity.cubicWeightedChain"": [], ""DerridaRetaux.cubicSpineExpectedPositiveIncrement_eq_ratio"": []}"
"eq:thirdtail","1882","DerridaRetaux/Spine/ConcreteTail.lean; DerridaRetaux/Main/Spine.lean","DerridaRetaux.profileThirdTail_quadratic_of_concreteSpine; DerridaRetaux.FixedArity.thirdMomentTail","PROVED","H1b","H1b","{""DerridaRetaux.FixedArity.thirdMomentTail"": [""DerridaRetaux.HumanInputs.cdhls_product_upper""], ""DerridaRetaux.profileThirdTail_quadratic_of_concreteSpine"": []}"
"eq:UI","1887","DerridaRetaux/Spine/ConcreteTail.lean; DerridaRetaux/Main/Spine.lean","DerridaRetaux.profileThirdTail_uniform_integrability_of_concreteSpine; DerridaRetaux.FixedArity.thirdMomentTail","PROVED","H1b","H1b","{""DerridaRetaux.FixedArity.thirdMomentTail"": [""DerridaRetaux.HumanInputs.cdhls_product_upper""], ""DerridaRetaux.profileThirdTail_uniform_integrability_of_concreteSpine"": []}"
"eq:Amoment","1910","DerridaRetaux/Main/ContinuumMomentBounds.lean; DerridaRetaux/Main/ContinuumLimit.lean","DerridaRetaux.FixedArity.subsequentialMoment_bounds; DerridaRetaux.FixedArity.subsequentialLimitProperties","PROVED","H1a;H1b","H1a;H1b","{""DerridaRetaux.FixedArity.subsequentialLimitProperties"": [""DerridaRetaux.HumanInputs.cdhls_excess_upper"", ""DerridaRetaux.HumanInputs.cdhls_product_upper""], ""DerridaRetaux.FixedArity.subsequentialMoment_bounds"": [""DerridaRetaux.HumanInputs.cdhls_excess_upper"", ""DerridaRetaux.HumanInputs.cdhls_product_upper""]}"
"eq:limitthirdtail","1914","DerridaRetaux/Main/ContinuumThirdTail.lean; DerridaRetaux/Main/ContinuumLimit.lean","DerridaRetaux.FixedArity.subsequentialThirdMomentTail; DerridaRetaux.FixedArity.subsequentialLimitProperties","PROVED","H1a;H1b","H1a;H1b","{""DerridaRetaux.FixedArity.subsequentialLimitProperties"": [""DerridaRetaux.HumanInputs.cdhls_excess_upper"", ""DerridaRetaux.HumanInputs.cdhls_product_upper""], ""DerridaRetaux.FixedArity.subsequentialThirdMomentTail"": [""DerridaRetaux.HumanInputs.cdhls_excess_upper"", ""DerridaRetaux.HumanInputs.cdhls_product_upper""]}"
"eq:mild","1918","DerridaRetaux/Analysis/MildEquation.lean; DerridaRetaux/Main/ContinuumMild.lean","DerridaRetaux.gluedExhaustionLimit_mild_of_H1a; DerridaRetaux.FixedArity.subsequentialMildEquation","PROVED","H1a;H1b","H1a;H1b","{""DerridaRetaux.FixedArity.subsequentialMildEquation"": [""DerridaRetaux.HumanInputs.cdhls_excess_upper"", ""DerridaRetaux.HumanInputs.cdhls_product_upper""], ""DerridaRetaux.gluedExhaustionLimit_mild_of_H1a"": []}"
"eq:momentODE","1966","DerridaRetaux/Main/MomentLaplaceODE.lean","DerridaRetaux.FixedArity.momentLaplaceODE","PROVED","H1a;H1b","H1a;H1b","{""DerridaRetaux.FixedArity.momentLaplaceODE"": [""DerridaRetaux.HumanInputs.cdhls_excess_upper"", ""DerridaRetaux.HumanInputs.cdhls_product_upper""]}"
"eq:laplaceODE","1967","DerridaRetaux/Main/MomentLaplaceODE.lean","DerridaRetaux.FixedArity.momentLaplaceODE","PROVED","H1a;H1b","H1a;H1b","{""DerridaRetaux.FixedArity.momentLaplaceODE"": [""DerridaRetaux.HumanInputs.cdhls_excess_upper"", ""DerridaRetaux.HumanInputs.cdhls_product_upper""]}"
"eq:weak_identity","1972","DerridaRetaux/Main/ContinuumWeakEquation.lean","DerridaRetaux.FixedArity.subsequentialHasWeakEquationOn","PROVED","H1a;H1b;H2","H1a;H1b;H2","{""DerridaRetaux.FixedArity.subsequentialHasWeakEquationOn"": [""DerridaRetaux.HumanInputs.cdhls_excess_upper"", ""DerridaRetaux.HumanInputs.cdhls_product_upper"", ""DerridaRetaux.HumanInputs.kotani_characteristic_eq_implies_translate""]}"
"eq:stringintegrability","2010","DerridaRetaux/Rigidity/StringAdmissibility.lean","DerridaRetaux.constructedEntranceString_isEntranceType; DerridaRetaux.constructedEntranceString_hasSecondEntranceMoment","PROVED","none","none","{""DerridaRetaux.constructedEntranceString_hasSecondEntranceMoment"": [], ""DerridaRetaux.constructedEntranceString_isEntranceType"": []}"
"eq:characteristic","2017","DerridaRetaux/Rigidity/EntranceStringBase.lean","DerridaRetaux.HasSingularCharacteristic","DEFINITION","none","none","{""DerridaRetaux.HasSingularCharacteristic"": []}"
"eq:entrance_solution","2022","DerridaRetaux/Rigidity/EntranceStringBase.lean; DerridaRetaux/Rigidity/ConstructedStringVolterra.lean","DerridaRetaux.IsEntranceNormalizedVolterraSolution; DerridaRetaux.entranceSolutionFromEndpoint_isVolterra_constructedString","PROVED","none","none","{""DerridaRetaux.IsEntranceNormalizedVolterraSolution"": [], ""DerridaRetaux.entranceSolutionFromEndpoint_isVolterra_constructedString"": []}"
"eq:A3lower","2029","DerridaRetaux/Analysis/LaplaceGap.lean","DerridaRetaux.positiveHalfLineMoment_one_sq_le_zero_mul_two; DerridaRetaux.positiveHalfLineMoment_two_sq_le_one_mul_three; DerridaRetaux.positiveHalfLineMoment_A3_lower","PROVED","H1a;H1b","H1a;H1b","{""DerridaRetaux.positiveHalfLineMoment_A3_lower"": [], ""DerridaRetaux.positiveHalfLineMoment_one_sq_le_zero_mul_two"": [], ""DerridaRetaux.positiveHalfLineMoment_two_sq_le_one_mul_three"": []}"
"eq:ZODE","2037","DerridaRetaux/Analysis/LaplaceGap.lean","DerridaRetaux.hasDerivAt_momentLaplaceGap; DerridaRetaux.deriv_momentLaplaceGap_eq","PROVED","H1a;H1b","H1a;H1b","{""DerridaRetaux.deriv_momentLaplaceGap_eq"": [], ""DerridaRetaux.hasDerivAt_momentLaplaceGap"": []}"
"eq:fODE","2069","DerridaRetaux/Rigidity/ConstructedSolution.lean; DerridaRetaux/Rigidity/EndpointEntranceSolution.lean","DerridaRetaux.hasDerivAt_constructedPhi; DerridaRetaux.hasDerivAt_constructedEndpointAtTime; DerridaRetaux.hasDerivAt_entranceSolutionFromEndpoint; DerridaRetaux.hasDerivAt_entranceSolutionFromEndpointSlope","PROVED","none","none","{""DerridaRetaux.hasDerivAt_constructedEndpointAtTime"": [], ""DerridaRetaux.hasDerivAt_constructedPhi"": [], ""DerridaRetaux.hasDerivAt_entranceSolutionFromEndpoint"": [], ""DerridaRetaux.hasDerivAt_entranceSolutionFromEndpointSlope"": []}"
"eq:fpentrance","2078","DerridaRetaux/Rigidity/EndpointEntranceNormalization.lean; DerridaRetaux/Rigidity/EndpointEntranceLowerBound.lean","DerridaRetaux.tendsto_entranceSolutionFromEndpoint_atBot_one; DerridaRetaux.one_le_entranceSolutionFromEndpoint","PROVED","none","none","{""DerridaRetaux.one_le_entranceSolutionFromEndpoint"": [], ""DerridaRetaux.tendsto_entranceSolutionFromEndpoint_atBot_one"": []}"
"eq:survivalassumption","2164","DerridaRetaux/Main/SurvivalSharpness.lean","DerridaRetaux.FixedArity.productAsymptoticOfSurvival","DEFINITION","none","none","{""DerridaRetaux.FixedArity.productAsymptoticOfSurvival"": []}"
"eq:productasymptotic","2168","DerridaRetaux/Main/SurvivalSharpness.lean; DerridaRetaux/Sharpness/LogCesaro.lean","DerridaRetaux.FixedArity.productAsymptoticOfSurvival; DerridaRetaux.orbit_criticalProduct_sub_two_log_isLittleO","PROVED","none","none","{""DerridaRetaux.FixedArity.productAsymptoticOfSurvival"": [], ""DerridaRetaux.orbit_criticalProduct_sub_two_log_isLittleO"": []}"
"eq:productlimitassumption","2174","DerridaRetaux/Sharpness/SurvivalToExcess.lean","DerridaRetaux.excess_tendsto_of_survival_asymptotic","PROVED","none","none","{""DerridaRetaux.excess_tendsto_of_survival_asymptotic"": []}"
"eq:survivalbarrier","2202","DerridaRetaux/Sharpness/SurvivalToExcess.lean","DerridaRetaux.excessRecursionMap_barrier_tendsto; DerridaRetaux.survivalBarrierPolynomial_factor","PROVED","none","none","{""DerridaRetaux.excessRecursionMap_barrier_tendsto"": [], ""DerridaRetaux.survivalBarrierPolynomial_factor"": []}"
