source_id,result_type,source_lines,summary,lean_file,lean_name,planned_lean_name,compiled_precursors,status,transitive_human_inputs,expected_inputs,notes,compiled_declaration_custom_axioms
"thm:profile","theorem","104-126","Profile/Yaglom limit and all listed consequences","DerridaRetaux/Main/ProfileTheorem.lean","DerridaRetaux.FixedArity.profile","DerridaRetaux.FixedArity.profile","DerridaRetaux.FixedArity.profileDensity; DerridaRetaux.orbit_densityTotalMass_tendsto_two_of_compact_profile; DerridaRetaux.survival_tendsto_of_compact_profile_excess_gradient; DerridaRetaux.fixedAtom_tendsto_of_compact_profile_error; DerridaRetaux.conditionalFirstMoment_tendsto; DerridaRetaux.orbit_conditionalPositiveL1Error_isBigO; DerridaRetaux.excess_orbit_decrement_tendsto","PROVED","H1a;H1b;H2","H1a;H1b;H2","Source-facing theorem compiles with the literal uniform profile and all consequences in eq:main1, eq:main2, eq:atoms, and eq:tv","{""DerridaRetaux.FixedArity.profile"": [""DerridaRetaux.HumanInputs.cdhls_excess_upper"", ""DerridaRetaux.HumanInputs.cdhls_product_upper"", ""DerridaRetaux.HumanInputs.kotani_characteristic_eq_implies_translate""]}"
"thm:sharpness","theorem","132-134","Real-order moment sharpness construction","DerridaRetaux/Main/Sharpness.lean","DerridaRetaux.FixedArity.sharpness","DerridaRetaux.FixedArity.sharpness","DerridaRetaux.FixedArity.sharpness_core; DerridaRetaux.sharpnessPowerLaw_stableProduct_parameters; DerridaRetaux.sharpnessPowerLaw_not_partition_excess_limit","PROVED","H3","H3","Source-facing wrapper compiles; it uses only the frozen Chen--Shi input H3","{""DerridaRetaux.FixedArity.sharpness"": [""DerridaRetaux.HumanInputs.chenShi_stable_product""]}"
"lem:cubic","lemma","256-267","Cubic identity, J recurrence, positivity, product formula and growth bounds","DerridaRetaux/Main/DiscreteMoment.lean","DerridaRetaux.FixedArity.cubicMoment","DerridaRetaux.FixedArity.cubicMoment","DerridaRetaux.normalizedCubicMoment_eqJ; DerridaRetaux.normalizedTilt_lowMoments_orbit","PROVED","H1b","H1b for growth wrapper only","Source-facing wrapper compiles; its only published input is H1b","{""DerridaRetaux.FixedArity.cubicMoment"": [""DerridaRetaux.HumanInputs.cdhls_product_upper""]}"
"lem:atomtail","lemma","294-299","First tilted atom tail bound","DerridaRetaux/Main/DiscreteMoment.lean","DerridaRetaux.FixedArity.firstTiltedAtomTail","DerridaRetaux.FixedArity.firstTiltedAtomTail","DerridaRetaux.firstTiltedAtomTail_bound_all","PROVED","H1a","H1a","Source-facing wrapper compiles; its only published input is H1a","{""DerridaRetaux.FixedArity.firstTiltedAtomTail"": [""DerridaRetaux.HumanInputs.cdhls_excess_upper""]}"
"prop:smoothing","proposition","318-334","Weighted pointwise/gradient bounds and logarithmic moduli","DerridaRetaux/Main/Smoothing.lean","DerridaRetaux.FixedArity.smoothing","DerridaRetaux.FixedArity.smoothing","DerridaRetaux.truncatedSmoothingSplit_of_H1; DerridaRetaux.positiveTiltedDensity_spatialSmoothing_of_H1; DerridaRetaux.positiveTiltedDensity_temporalModulus_of_H1_and_spatial","PROVED","H1a;H1b","H1a;H1b","The source-facing wrapper uses one positive constant for eq:sup, the literal log(n+2) gradient bound, and both logarithmic moduli; it uses exactly H1a and H1b","{""DerridaRetaux.FixedArity.smoothing"": [""DerridaRetaux.HumanInputs.cdhls_excess_upper"", ""DerridaRetaux.HumanInputs.cdhls_product_upper""]}"
"prop:identification","proposition","342-347","Identification of every locally uniform subsequential limit","DerridaRetaux/Main/IdentificationFinal.lean","DerridaRetaux.FixedArity.identifySubsequentialLimit","DerridaRetaux.FixedArity.identifySubsequentialLimit","DerridaRetaux.FixedArity.subsequentialConstructedString_cumulative_eq_model; DerridaRetaux.FixedArity.subsequential_physicalTime_identification; DerridaRetaux.FixedArity.subsequentialDensity_eq_yaglom","PROVED","H1a;H1b;H2","H1a;H1b;H2","Characteristic construction, H2 comparison, endpoint de-translation, physical-time recovery, and Laplace inversion compile","{""DerridaRetaux.FixedArity.identifySubsequentialLimit"": [""DerridaRetaux.HumanInputs.cdhls_excess_upper"", ""DerridaRetaux.HumanInputs.cdhls_product_upper"", ""DerridaRetaux.HumanInputs.kotani_characteristic_eq_implies_translate""]}"
"prop:pointwise","proposition","415-421","Uniform cubic pointwise bound","DerridaRetaux/Analysis/BoundaryPointwise.lean; DerridaRetaux/Analysis/PointwiseFromFar.lean; DerridaRetaux/Main/ArrivalBounds.lean","DerridaRetaux.FixedArity.pointwiseBound","DerridaRetaux.FixedArity.pointwiseBound","DerridaRetaux.positiveTiltedDensity_pointwise_of_arrival_far; DerridaRetaux.arrivalCoeff_scaled_far_constant_of_H1; DerridaRetaux.positiveTiltedDensity_pointwise_of_H1","PROVED","H1a;H1b","H1a;H1b","The far region, finitely many boundary offsets, and finitely many small generations are all discharged; the source-facing wrapper uses exactly H1a and H1b","{""DerridaRetaux.FixedArity.pointwiseBound"": [""DerridaRetaux.HumanInputs.cdhls_excess_upper"", ""DerridaRetaux.HumanInputs.cdhls_product_upper""]}"
"lem:arrival","lemma","443-453","Arrival renewal, kappa recursion and Duhamel identity","DerridaRetaux/Main/Arrival.lean","DerridaRetaux.FixedArity.arrivalRecursion","DerridaRetaux.FixedArity.arrivalRecursion","DerridaRetaux.arrivalCoeff_succ_eq_formulaSource; DerridaRetaux.arrivalKappa_succ; DerridaRetaux.arrivalCoeff_duhamel","PROVED","none","none","Source-facing coefficientwise wrapper compiles without published inputs and covers all three displayed identities","{""DerridaRetaux.FixedArity.arrivalRecursion"": []}"
"lem:sourcedifference","lemma","488-494","Generic finite source-difference bound","DerridaRetaux/Arrival/SourceDifferenceBound.lean; DerridaRetaux/Main/ArrivalBounds.lean","DerridaRetaux.FixedArity.sourceDifference","DerridaRetaux.FixedArity.sourceDifference","DerridaRetaux.taggedSourceTerm_tailControlled_of_H1; DerridaRetaux.arrivalFormulaSource_sub_tailControlled_of_H1; DerridaRetaux.arrivalFormulaSource_sub_tail_bound_of_H1","PROVED","H1a;H1b","H1a;H1b","The exhaustive finite tag expansion, all q/w branches, exact cutoff, absolute summability, and source tail bound compile; the source-facing wrapper uses exactly H1a and H1b","{""DerridaRetaux.FixedArity.sourceDifference"": [""DerridaRetaux.HumanInputs.cdhls_excess_upper"", ""DerridaRetaux.HumanInputs.cdhls_product_upper""]}"
"prop:far","proposition","538-543","Far-arrival bound with vanishing omega","DerridaRetaux/Arrival/InitialTail.lean; DerridaRetaux/Arrival/VisitOnce.lean; DerridaRetaux/Arrival/SourceDifferenceBound.lean; DerridaRetaux/Prelim/FarTail.lean; DerridaRetaux/Main/ArrivalBounds.lean","DerridaRetaux.FixedArity.farArrivalBound","DerridaRetaux.FixedArity.farArrivalBound","DerridaRetaux.initialArrival_tail_limits; DerridaRetaux.initialArrivalU24_tendsto_zero; DerridaRetaux.arrivalFormulaSource_block_le_initialTail_add_difference; DerridaRetaux.arrivalBoundary_squareWeight_sum_linear_bound; DerridaRetaux.arrivalCoeff_far_bound_of_H1","PROVED","H1a;H1b","H1a;H1b","The visit-once source block, boundary Abel sum, bounded omega tending to zero, and all-generation far-arrival estimate compile; the source-facing wrapper uses exactly H1a and H1b","{""DerridaRetaux.FixedArity.farArrivalBound"": [""DerridaRetaux.HumanInputs.cdhls_excess_upper"", ""DerridaRetaux.HumanInputs.cdhls_product_upper""]}"
"lem:spine","lemma","713-726","Cubic-weighted chain and positive-increment tail inequality","DerridaRetaux/Main/SpineCore.lean; DerridaRetaux/Spine/InfinitePath.lean","DerridaRetaux.FixedArity.cubicWeightedChain; DerridaRetaux.FixedArity.cubicWeightedInfiniteChain","DerridaRetaux.FixedArity.cubicWeightedChain","DerridaRetaux.spineMarginalPMF_bind_spineKernel_all; DerridaRetaux.spinePathPMF_initial_marginal; DerridaRetaux.spinePathPMF_terminal_marginal; DerridaRetaux.cubicSpineExpectedPositiveIncrement_eq_ratio; DerridaRetaux.spineSharpTail_le_initial_add","PROVED","none","none","The source-facing theorem exposes the total kernel, actual bind marginal, recursive finite-path coupling, exact increment formula, step bound four, and sharp tail inequality; all binary zero-carrier rows are total Infinite trajectory probability measure with all finite laws, marginals and Markov factorization; use with the original increment and tail bounds.","{""DerridaRetaux.FixedArity.cubicWeightedChain"": [], ""DerridaRetaux.FixedArity.cubicWeightedInfiniteChain"": []}"
"cor:thirdtail","corollary","775-786","Third-moment tail and two-stage uniform integrability","DerridaRetaux/Main/Spine.lean","DerridaRetaux.FixedArity.thirdMomentTail","DerridaRetaux.FixedArity.thirdMomentTail","DerridaRetaux.profileThirdTail_quadratic_of_concreteSpine; DerridaRetaux.profileThirdTail_uniform_integrability_of_concreteSpine","PROVED","H1b","H1b","The concrete coupling discharges the upstream tail premise; the source-facing corollary proves the quadratic third-tail bound and the exact A-then-N nested uniform-integrability quantifiers using only H1b","{""DerridaRetaux.FixedArity.thirdMomentTail"": [""DerridaRetaux.HumanInputs.cdhls_product_upper""]}"
"prop:limit","proposition","794-812","Subsequential-limit moments, tail estimate and mild equation","DerridaRetaux/Main/ContinuumLimit.lean","DerridaRetaux.FixedArity.subsequentialLimitProperties","DerridaRetaux.FixedArity.subsequentialLimitProperties","DerridaRetaux.FixedArity.subsequentialMoment_bounds; DerridaRetaux.FixedArity.subsequentialThirdMomentTail; DerridaRetaux.FixedArity.subsequentialMildEquation","PROVED","H1a;H1b","H1a;H1b","Source-facing proposition compiles with all moment bounds, third-tail estimate, and mild equation","{""DerridaRetaux.FixedArity.subsequentialLimitProperties"": [""DerridaRetaux.HumanInputs.cdhls_excess_upper"", ""DerridaRetaux.HumanInputs.cdhls_product_upper""]}"
"lem:momentODE","lemma","848-859","Local AC and moment/Laplace ODEs","DerridaRetaux/Main/MomentLaplaceODE.lean; DerridaRetaux/Main/MomentLaplaceRegularity.lean","DerridaRetaux.FixedArity.momentLaplaceODE; DerridaRetaux.FixedArity.momentLaplaceLocalIntegralDerivatives","DerridaRetaux.FixedArity.momentLaplaceODE","DerridaRetaux.FixedArity.subsequentialMoment_hasDerivAt; DerridaRetaux.FixedArity.subsequentialLaplaceGap_hasDerivAt","PROVED","H1a;H1b","H1a;H1b","Source-facing lemma compiles with the zeroth, second, third moment and Laplace equations Integral derivative identities on every positive compact interval supplement the pointwise ODEs.","{""DerridaRetaux.FixedArity.momentLaplaceODE"": [""DerridaRetaux.HumanInputs.cdhls_excess_upper"", ""DerridaRetaux.HumanInputs.cdhls_product_upper""], ""DerridaRetaux.FixedArity.momentLaplaceLocalIntegralDerivatives"": [""DerridaRetaux.HumanInputs.cdhls_excess_upper"", ""DerridaRetaux.HumanInputs.cdhls_product_upper""]}"
"lem:remainder","lemma","889-895","Normalized third-order Taylor remainder","DerridaRetaux/Main/Remainder.lean","DerridaRetaux.FixedArity.thirdOrderTaylorRemainder","DerridaRetaux.FixedArity.thirdOrderTaylorRemainder","DerridaRetaux.expThirdRemainder_bounds; DerridaRetaux.integratedLaplaceSecondGap_eq; DerridaRetaux.abs_normalizedIntegratedExpThirdRemainder_le_sqrt; DerridaRetaux.FixedArity.subsequentialThirdRemainder_normalized_tendsto_zero","PROVED","H1a;H1b","H1a;H1b","The source-facing normalized Taylor remainder compiles from the continuum moment and tail bounds","{""DerridaRetaux.FixedArity.thirdOrderTaylorRemainder"": [""DerridaRetaux.HumanInputs.cdhls_excess_upper"", ""DerridaRetaux.HumanInputs.cdhls_product_upper""]}"
