source_id,source_area,lean_file,lean_name,status,progress,transitive_human_inputs,summary,compiled_declaration_custom_axioms
"U01","Preliminaries","DerridaRetaux/Basic/Sequence.lean; DerridaRetaux/Basic/Convolution.lean; DerridaRetaux/Analysis/WeightedNorm.lean","DerridaRetaux.profileScale; DerridaRetaux.profileScale_pos; DerridaRetaux.shiftLeft; DerridaRetaux.shiftRight; DerridaRetaux.discreteDerivative; DerridaRetaux.conv; DerridaRetaux.cubicWeight; DerridaRetaux.weightedL1Three; DerridaRetaux.WeightedSupThreeLE","proved","COMPLETE","none","All requested operators, cubic weighted norm predicates, and the named positive source scale L_n=n+1 compile","{""DerridaRetaux.profileScale"": [], ""DerridaRetaux.profileScale_pos"": [], ""DerridaRetaux.shiftLeft"": [], ""DerridaRetaux.shiftRight"": [], ""DerridaRetaux.discreteDerivative"": [], ""DerridaRetaux.conv"": [], ""DerridaRetaux.cubicWeight"": [], ""DerridaRetaux.weightedL1Three"": [], ""DerridaRetaux.WeightedSupThreeLE"": []}"
"U02","After eq:pgf","DerridaRetaux/Model/Criticality.lean","DerridaRetaux.critical_drStep; DerridaRetaux.orbit_critical","proved","COMPLETE","none","Criticality preservation is proved by summability-safe convolution identities, without differentiating an infinite series","{""DerridaRetaux.critical_drStep"": [], ""DerridaRetaux.orbit_critical"": []}"
"U03","Before eq:tilt","DerridaRetaux/Model/MomentPropagation.lean","DerridaRetaux.tiltSummable_three_drStep; DerridaRetaux.orbit_tiltSummable_three","proved","COMPLETE","none","Finite third tilted moments propagate through every finite step and orbit generation","{""DerridaRetaux.tiltSummable_three_drStep"": [], ""DerridaRetaux.orbit_tiltSummable_three"": []}"
"U04","Before eq:coarse","DerridaRetaux/Basic/ProbabilityMass.lean; DerridaRetaux/Model/ZeroAtom.lean; DerridaRetaux/Basic/CriticalExamples.lean; DerridaRetaux/Audit/ArchitectureCounterexample.lean","DerridaRetaux.critical_isDirac_eq_binary; DerridaRetaux.zeroTilt_pos_of_admissible; DerridaRetaux.orbit_zeroTilt_pos; DerridaRetaux.drStep_two_diracMass_one; DerridaRetaux.Audit.deterministicCriticalClassification_without_arity_is_false","proved","COMPLETE","none","The arity-qualified deterministic classification and initial/orbit zero-atom positivity compile; the m=0 counterexample documents why hm is necessary","{""DerridaRetaux.critical_isDirac_eq_binary"": [], ""DerridaRetaux.zeroTilt_pos_of_admissible"": [], ""DerridaRetaux.orbit_zeroTilt_pos"": [], ""DerridaRetaux.drStep_two_diracMass_one"": [], ""DerridaRetaux.Audit.deterministicCriticalClassification_without_arity_is_false"": []}"
"U05","After eq:coarse","DerridaRetaux/Model/CoarseRelations.lean","DerridaRetaux.arity_mul_survival_le_tiltedPositive; DerridaRetaux.survival_le_excess_div_of_critical; DerridaRetaux.positiveTiltMass_eq_excess_add_survival_div","proved","COMPLETE","none","The power inequality and both survival/tilted-positive-mass relations compile","{""DerridaRetaux.arity_mul_survival_le_tiltedPositive"": [], ""DerridaRetaux.survival_le_excess_div_of_critical"": [], ""DerridaRetaux.positiveTiltMass_eq_excess_add_survival_div"": []}"
"U06","Before eq:C","DerridaRetaux/Analysis/TransportPolynomial.lean","DerridaRetaux.transportDefect_nonneg; DerridaRetaux.transportDefect_le_quadratic; DerridaRetaux.transportDefect_one","proved","COMPLETE","none","The defect is nonnegative on the source interval, vanishes at one, and has the required quadratic bound","{""DerridaRetaux.transportDefect_nonneg"": [], ""DerridaRetaux.transportDefect_le_quadratic"": [], ""DerridaRetaux.transportDefect_one"": []}"
"U07","lem:cubic","DerridaRetaux/Prelim/CubicMoment.lean","DerridaRetaux.cubicCarrier_natPred; DerridaRetaux.hasSum_cubicCarrier_natPred_convPow; DerridaRetaux.normalizedCubicMoment_drStep_cross","proved","COMPLETE","none","The carrier identity and finite-iid factorial-moment expansion are proved coefficientwise and summed safely","{""DerridaRetaux.cubicCarrier_natPred"": [], ""DerridaRetaux.hasSum_cubicCarrier_natPred_convPow"": [], ""DerridaRetaux.normalizedCubicMoment_drStep_cross"": []}"
"U08","lem:cubic","DerridaRetaux/Prelim/CubicMoment.lean","DerridaRetaux.normalizedCubicMoment_pos_of_profileInitialData; DerridaRetaux.normalizedCubicMoment_profile_orbit_pos; DerridaRetaux.exists_mass_ge_two_of_critical_two_not_fixed","proved","COMPLETE","none","Strict positivity covers m>=3 and the binary non-fixed case, including positive mass above one","{""DerridaRetaux.normalizedCubicMoment_pos_of_profileInitialData"": [], ""DerridaRetaux.normalizedCubicMoment_profile_orbit_pos"": [], ""DerridaRetaux.exists_mass_ge_two_of_critical_two_not_fixed"": []}"
"U09","After eq:C","DerridaRetaux/Model/TransportLimit.lean; DerridaRetaux/Prelim/AtomTail.lean; DerridaRetaux/Prelim/TransportUniform.lean","DerridaRetaux.transportProductLimit_pos_of_defect_summable; DerridaRetaux.tendsto_transportProduct_of_defect_summable; DerridaRetaux.transportProduct_inverse_uniform; DerridaRetaux.transportCoeff_inverse_uniform; DerridaRetaux.transportProduct_mul_zeroTilt_le_orbitZeroTilt; DerridaRetaux.orbitZeroTilt_inverse_uniform","proved","COMPLETE","H1a","The positive product limit and uniform inverse bounds for C_n, c_n, and x_n all compile after the H1a defect estimate","{""DerridaRetaux.transportProductLimit_pos_of_defect_summable"": [], ""DerridaRetaux.tendsto_transportProduct_of_defect_summable"": [], ""DerridaRetaux.transportProduct_inverse_uniform"": [], ""DerridaRetaux.transportCoeff_inverse_uniform"": [], ""DerridaRetaux.transportProduct_mul_zeroTilt_le_orbitZeroTilt"": [], ""DerridaRetaux.orbitZeroTilt_inverse_uniform"": []}"
"U10","lem:atomtail","DerridaRetaux/Prelim/AtomTail.lean","DerridaRetaux.orbitZeroTilt_succ_eq_transportCoeff_mul; DerridaRetaux.firstTiltedAtom_eq_theta_sub_theta_succ_add; DerridaRetaux.firstTiltedAtomTail_bound_all","proved","COMPLETE","H1a","The exact zero-atom recursion, finite telescope ingredients, passage to the summable tail, and uniform reciprocal bound compile","{""DerridaRetaux.orbitZeroTilt_succ_eq_transportCoeff_mul"": [], ""DerridaRetaux.firstTiltedAtom_eq_theta_sub_theta_succ_add"": [], ""DerridaRetaux.firstTiltedAtomTail_bound_all"": []}"
"U11","eq:weightedmass","DerridaRetaux/Prelim/WeightedMass.lean; DerridaRetaux/Prelim/WeightedMassOrbit.lean","DerridaRetaux.weightedL1Three_positiveTiltedDensity_le; DerridaRetaux.positiveTiltedDensity_firstShifted_tsum; DerridaRetaux.positiveTiltedDensity_weightedMass_orbit","proved","COMPLETE","H1a;H1b","The cubic weighted l1 estimate and exact shifted first moment compile in one source-shaped package","{""DerridaRetaux.weightedL1Three_positiveTiltedDensity_le"": [], ""DerridaRetaux.positiveTiltedDensity_firstShifted_tsum"": [], ""DerridaRetaux.positiveTiltedDensity_weightedMass_orbit"": []}"
"U12","Main proof","DerridaRetaux/Analysis/GridInterpolation.lean; DerridaRetaux/Analysis/GridEquicontinuity.lean","DerridaRetaux.gridBilinearInterp; DerridaRetaux.gridBilinearInterp_family_uniformlyBoundedOn_rectangle; DerridaRetaux.abs_gridBilinearInterp_sub_le_of_node_modulus; DerridaRetaux.gridBilinearInterp_family_eventuallyEquicontinuousOn_rectangle; DerridaRetaux.gridBilinearInterp_family_equicontinuousOn_of_eventually","proved","COMPLETE","none","Explicit discrete node bounds and spatial/time moduli are converted into uniform boundedness and standard equicontinuity of the scaled bilinear interpolants on every compact rectangle","{""DerridaRetaux.gridBilinearInterp"": [], ""DerridaRetaux.gridBilinearInterp_family_uniformlyBoundedOn_rectangle"": [], ""DerridaRetaux.abs_gridBilinearInterp_sub_le_of_node_modulus"": [], ""DerridaRetaux.gridBilinearInterp_family_eventuallyEquicontinuousOn_rectangle"": [], ""DerridaRetaux.gridBilinearInterp_family_equicontinuousOn_of_eventually"": []}"
"U13","Main proof","DerridaRetaux/Analysis/GridCompactness.lean; DerridaRetaux/Analysis/GridReadout.lean","DerridaRetaux.countable_diagonal_subsequence; DerridaRetaux.exists_gridBilinearInterp_diagonal_subsequence; DerridaRetaux.exhaustionLimits_compatible; DerridaRetaux.orbitScaledGrid_adjacent_le_of_gradient; DerridaRetaux.orbitScaledGridStepError_tendsto_zero; DerridaRetaux.exists_orbitScaledGrid_diagonal_subsequence_and_readout","proved","COMPLETE","none","Diagonal Arzela-Ascoli over the explicit compact exhaustion, overlap compatibility, and the actual orbit-grid readout compile; the weighted gradient gives the source O(log(N+2)/N) adjacent-node error and hence the floor readout along the cofinal diagonal","{""DerridaRetaux.countable_diagonal_subsequence"": [], ""DerridaRetaux.exists_gridBilinearInterp_diagonal_subsequence"": [], ""DerridaRetaux.exhaustionLimits_compatible"": [], ""DerridaRetaux.orbitScaledGrid_adjacent_le_of_gradient"": [], ""DerridaRetaux.orbitScaledGridStepError_tendsto_zero"": [], ""DerridaRetaux.exists_orbitScaledGrid_diagonal_subsequence_and_readout"": []}"
"U14","Main proof","DerridaRetaux/Analysis/ReadoutBounds.lean","DerridaRetaux.inversePower_succ_hasSum; DerridaRetaux.nat_mul_inversePower_succ_hasSum; DerridaRetaux.geometricReadout_sub_boundary_le; DerridaRetaux.survival_sub_boundary_le","proved","COMPLETE","none","The spatial-difference telescope and both exact geometric sums yield the source survival-readout bound","{""DerridaRetaux.inversePower_succ_hasSum"": [], ""DerridaRetaux.nat_mul_inversePower_succ_hasSum"": [], ""DerridaRetaux.geometricReadout_sub_boundary_le"": [], ""DerridaRetaux.survival_sub_boundary_le"": []}"
"U15","Main proof","DerridaRetaux/Analysis/DensityMassLimit.lean; DerridaRetaux/Analysis/DensityMassFixedCutoff.lean; DerridaRetaux/Analysis/DensityMassFromCompact.lean","DerridaRetaux.exponentialProfileGrid_tsum_tendsto_two; DerridaRetaux.scaledDensityTailL1_tendsto_zero_of_weighted; DerridaRetaux.densityProfilePrefixL1Error_linearCutoff_tendsto_zero_of_compact; DerridaRetaux.orbit_densityTotalMass_tendsto_two_of_compact_profile; DerridaRetaux.orbit_positiveTiltMass_tendsto_of_compact_profile","proved","COMPLETE","H1a;H1b","Compact-uniform profile convergence is converted to fixed-window prefix convergence; cubic weighted tails and the exponential comparison tail then yield the total density and positive tilted-mass limits without an escaping diagonal rate","{""DerridaRetaux.exponentialProfileGrid_tsum_tendsto_two"": [], ""DerridaRetaux.scaledDensityTailL1_tendsto_zero_of_weighted"": [], ""DerridaRetaux.densityProfilePrefixL1Error_linearCutoff_tendsto_zero_of_compact"": [], ""DerridaRetaux.orbit_densityTotalMass_tendsto_two_of_compact_profile"": [], ""DerridaRetaux.orbit_positiveTiltMass_tendsto_of_compact_profile"": []}"
"U16","Main proof","DerridaRetaux/Analysis/ProfileConsequences.lean; DerridaRetaux/Analysis/MeanConsequences.lean; DerridaRetaux/Analysis/AtomDomination.lean","DerridaRetaux.fixedAtom_tendsto_of_compact_profile_error; DerridaRetaux.orbit_fixedAtom_geometric_bound_of_H1_and_pointwise; DerridaRetaux.probabilityFirstMoment_tendsto_of_atom_limits_and_bound; DerridaRetaux.conditionalFirstMoment_tendsto","proved","COMPLETE","H1a;H1b;H2","The fixed-atom identity, an explicit Cm^-k domination from H1a and the pointwise bound, and the Tannery-style mean consequences compile; upstream profile and pointwise premises remain charged to their own obligations","{""DerridaRetaux.fixedAtom_tendsto_of_compact_profile_error"": [], ""DerridaRetaux.orbit_fixedAtom_geometric_bound_of_H1_and_pointwise"": [], ""DerridaRetaux.probabilityFirstMoment_tendsto_of_atom_limits_and_bound"": [], ""DerridaRetaux.conditionalFirstMoment_tendsto"": []}"
"U17","Main proof","DerridaRetaux/Analysis/ConditionalTV.lean","DerridaRetaux.conditionalPositiveMass_eq_normalizedReadoutMass; DerridaRetaux.conditionalPositiveL1Error_le; DerridaRetaux.discreteL1Distance_eq_two_mul_discreteTotalVariation; DerridaRetaux.conditionalPositiveL1Error_eq_two_mul_totalVariation","proved","COMPLETE","none","Both normalization inequalities and the factor-two relation between l1 error and conventional total variation compile","{""DerridaRetaux.conditionalPositiveMass_eq_normalizedReadoutMass"": [], ""DerridaRetaux.conditionalPositiveL1Error_le"": [], ""DerridaRetaux.discreteL1Distance_eq_two_mul_discreteTotalVariation"": [], ""DerridaRetaux.conditionalPositiveL1Error_eq_two_mul_totalVariation"": []}"
"U18","Main proof","DerridaRetaux/Model/Readout.lean; DerridaRetaux/Analysis/DecrementLimit.lean","DerridaRetaux.excess_orbit_decrement; DerridaRetaux.decrement_tendsto_of_exact_identity; DerridaRetaux.excess_orbit_decrement_tendsto","proved","COMPLETE","none","The exact scalar identity and its quadratic asymptotic are proved by finite polynomial factorization from the two stated input limits","{""DerridaRetaux.excess_orbit_decrement"": [], ""DerridaRetaux.decrement_tendsto_of_exact_identity"": [], ""DerridaRetaux.excess_orbit_decrement_tendsto"": []}"
"U19","Arrival coordinates","DerridaRetaux/Arrival/IntegerShift.lean; DerridaRetaux/Arrival/ArrivalRecursion.lean","DerridaRetaux.zeroExtend; DerridaRetaux.shiftByInt; DerridaRetaux.arrivalFormulaSource_term_eq_zero; DerridaRetaux.arrivalFormulaSource_nonneg","proved","COMPLETE","none","Zero extension and integer shifts compile; every apparent Laurent source has no genuinely negative coefficient and is coefficientwise nonnegative","{""DerridaRetaux.zeroExtend"": [], ""DerridaRetaux.shiftByInt"": [], ""DerridaRetaux.arrivalFormulaSource_term_eq_zero"": [], ""DerridaRetaux.arrivalFormulaSource_nonneg"": []}"
"U20","lem:arrival","DerridaRetaux/Arrival/ArrivalRecursion.lean; DerridaRetaux/Main/Arrival.lean","DerridaRetaux.orbitPositiveTilt_eq_product_shift_arrival; DerridaRetaux.arrivalDenom_mul_product_succ; DerridaRetaux.arrivalCoeff_succ_eq_formulaSource; DerridaRetaux.FixedArity.arrivalRecursion","proved","COMPLETE","none","The positive coefficient recursion, coefficient-array normalization identity, denominator/product identity, and manuscript-facing package compile","{""DerridaRetaux.orbitPositiveTilt_eq_product_shift_arrival"": [], ""DerridaRetaux.arrivalDenom_mul_product_succ"": [], ""DerridaRetaux.arrivalCoeff_succ_eq_formulaSource"": [], ""DerridaRetaux.FixedArity.arrivalRecursion"": []}"
"U21","After lem:arrival","DerridaRetaux/Arrival/InitialTail.lean; DerridaRetaux/Arrival/MomentTail.lean; DerridaRetaux/Prelim/FarTail.lean","DerridaRetaux.arrivalValueAtOne; DerridaRetaux.shiftedCubicMoment_convPow_summable_and_le; DerridaRetaux.coefficientTail_le_shiftedCubicMoment_div; DerridaRetaux.arrivalMomentTail_bounds","proved","COMPLETE","H1a;H1b","The source F_s(1), cubic convolution-moment, integer-power (s+1)^(3-r), and K^-3 Markov tail bounds compile with explicit constants for every 1<=r<=m^2","{""DerridaRetaux.arrivalValueAtOne"": [], ""DerridaRetaux.shiftedCubicMoment_convPow_summable_and_le"": [], ""DerridaRetaux.coefficientTail_le_shiftedCubicMoment_div"": [], ""DerridaRetaux.arrivalMomentTail_bounds"": []}"
"U22","Source difference","DerridaRetaux/Arrival/SourceTags.lean; DerridaRetaux/Arrival/SourceDifference.lean; DerridaRetaux/Arrival/SourceNormalForm.lean","DerridaRetaux.SourceMonomialTag; DerridaRetaux.SourceMonomialTag.Valid; DerridaRetaux.arrivalFormulaSource_sub_eq_threeChanges; DerridaRetaux.arrivalFormulaSource_sub_eq_fullyExpanded; DerridaRetaux.sourceFactorValue_eq_coreNormalForm; DerridaRetaux.sourceFunctionExpandedTerm_eq_tagNormalForm; DerridaRetaux.actual_sourceDifference_terms_have_valid_normalForms","proved","COMPLETE","none","The exact ordered finite-factor expansion preserves multiplicities, deletes only the all-F term, and identifies every retained coefficient, shift, and function-change summand with a scalar multiple of shiftByInt(tag.sigma s) (convPow tag.q F_s); the degree-two shift pair cancels exactly","{""DerridaRetaux.SourceMonomialTag"": [], ""DerridaRetaux.SourceMonomialTag.Valid"": [], ""DerridaRetaux.arrivalFormulaSource_sub_eq_threeChanges"": [], ""DerridaRetaux.arrivalFormulaSource_sub_eq_fullyExpanded"": [], ""DerridaRetaux.sourceFactorValue_eq_coreNormalForm"": [], ""DerridaRetaux.sourceFunctionExpandedTerm_eq_tagNormalForm"": [], ""DerridaRetaux.actual_sourceDifference_terms_have_valid_normalForms"": []}"
"U23","Source difference","DerridaRetaux/Arrival/SourceTags.lean; DerridaRetaux/Arrival/SourceDifferenceBound.lean","DerridaRetaux.SourceMonomialTag.q_eq_zero_only_allBoundary; DerridaRetaux.SourceMonomialTag.q_ge_three_of_w_eq_zero; DerridaRetaux.SourceMonomialTag.q_add_w_ge_two_of_w_pos; DerridaRetaux.SourceMonomialTag.valid_branch_trichotomy; DerridaRetaux.SourceMonomialTag.tailThreshold_twice_gt; DerridaRetaux.SourceMonomialTag.residualExponent_le_two_of_w_pos; DerridaRetaux.taggedSourceTerm_tailControlled_of_q_eq_zero; DerridaRetaux.taggedSourceTerm_tailControlled_of_q_pos; DerridaRetaux.taggedSourceTerm_tailControlled_of_H1","proved","COMPLETE","H1a;H1b","The q=0 all-boundary term vanishes beyond its exact degree, while the q-positive w=0 and w-positive branches exhaust the concrete finite expansion and satisfy the required analytic tail estimate","{""DerridaRetaux.SourceMonomialTag.q_eq_zero_only_allBoundary"": [], ""DerridaRetaux.SourceMonomialTag.q_ge_three_of_w_eq_zero"": [], ""DerridaRetaux.SourceMonomialTag.q_add_w_ge_two_of_w_pos"": [], ""DerridaRetaux.SourceMonomialTag.valid_branch_trichotomy"": [], ""DerridaRetaux.SourceMonomialTag.tailThreshold_twice_gt"": [], ""DerridaRetaux.SourceMonomialTag.residualExponent_le_two_of_w_pos"": [], ""DerridaRetaux.taggedSourceTerm_tailControlled_of_q_eq_zero"": [], ""DerridaRetaux.taggedSourceTerm_tailControlled_of_q_pos"": [], ""DerridaRetaux.taggedSourceTerm_tailControlled_of_H1"": []}"
"U24","prop:far","DerridaRetaux/Arrival/InitialTail.lean; DerridaRetaux/Prelim/FarTail.lean","DerridaRetaux.finiteThirdMoment_implies_cubic_tail_limits; DerridaRetaux.initialArrival_tail_limits; DerridaRetaux.initialArrivalU24_tendsto_zero","proved","COMPLETE","none","Finite third tilted moment gives both required N^3 single-coefficient and ordinary coefficient-tail limits for the initial arrival block","{""DerridaRetaux.finiteThirdMoment_implies_cubic_tail_limits"": [], ""DerridaRetaux.initialArrival_tail_limits"": [], ""DerridaRetaux.initialArrivalU24_tendsto_zero"": []}"
"U25","prop:far","DerridaRetaux/Arrival/VisitOnce.lean; DerridaRetaux/Arrival/SourceDifferenceBound.lean","DerridaRetaux.arrivalInitialIndex_injective; DerridaRetaux.sum_range_sum_range_triangle; DerridaRetaux.arrivalInitialBlock_le_coefficientTail_of_cubic; DerridaRetaux.sourceDifference_triangle_le_of_tailControlled; DerridaRetaux.arrivalFormulaSource_block_le_initialTail_add_difference; DerridaRetaux.arrivalCoeff_far_bound_of_H1","proved","COMPLETE","H1a;H1b","Finite triangular reindexing, visit-once initial indices, absolute source-difference tails, and the boundary Abel estimate combine into the actual all-generation far-arrival bound","{""DerridaRetaux.arrivalInitialIndex_injective"": [], ""DerridaRetaux.sum_range_sum_range_triangle"": [], ""DerridaRetaux.arrivalInitialBlock_le_coefficientTail_of_cubic"": [], ""DerridaRetaux.sourceDifference_triangle_le_of_tailControlled"": [], ""DerridaRetaux.arrivalFormulaSource_block_le_initialTail_add_difference"": [], ""DerridaRetaux.arrivalCoeff_far_bound_of_H1"": []}"
"U26","prop:far","DerridaRetaux/Basic/Sequence.lean; DerridaRetaux/Prelim/AtomTailAbel.lean","DerridaRetaux.squareWeightSummationByParts_source; DerridaRetaux.squareWeightSum_le; DerridaRetaux.firstTiltedAtomTail_eq_atom_add_succ; DerridaRetaux.firstTiltedAtom_squareWeight_sum_eq; DerridaRetaux.firstTiltedAtom_squareWeight_sum_linear_bound","proved","COMPLETE","H1a","The generic Abel identity is instantiated with the exact first-atom tail and gives the source O(s+1) square-weighted prefix bound","{""DerridaRetaux.squareWeightSummationByParts_source"": [], ""DerridaRetaux.squareWeightSum_le"": [], ""DerridaRetaux.firstTiltedAtomTail_eq_atom_add_succ"": [], ""DerridaRetaux.firstTiltedAtom_squareWeight_sum_eq"": [], ""DerridaRetaux.firstTiltedAtom_squareWeight_sum_linear_bound"": []}"
"U27","prop:pointwise","DerridaRetaux/Analysis/BoundaryPointwise.lean; DerridaRetaux/Analysis/PointwiseFromFar.lean","DerridaRetaux.densityNonlinearSource_orbit_le_of_weightedL1; DerridaRetaux.positiveTiltedDensity_orbit_add_le_shift_add_majorant; DerridaRetaux.positiveTiltedDensity_scaledPointwise_of_far_and_weightedL1; DerridaRetaux.positiveTiltedDensity_pointwise_of_arrival_far; DerridaRetaux.arrivalCoeff_scaled_far_constant_of_H1; DerridaRetaux.positiveTiltedDensity_pointwise_of_H1","proved","COMPLETE","H1a;H1b","The actual far estimate is converted to a bounded cubic constant, then fixed recursion steps cover every boundary offset and a finite enlargement absorbs all small generations","{""DerridaRetaux.densityNonlinearSource_orbit_le_of_weightedL1"": [], ""DerridaRetaux.positiveTiltedDensity_orbit_add_le_shift_add_majorant"": [], ""DerridaRetaux.positiveTiltedDensity_scaledPointwise_of_far_and_weightedL1"": [], ""DerridaRetaux.positiveTiltedDensity_pointwise_of_arrival_far"": [], ""DerridaRetaux.arrivalCoeff_scaled_far_constant_of_H1"": [], ""DerridaRetaux.positiveTiltedDensity_pointwise_of_H1"": []}"
"U28","Smoothing preliminaries","DerridaRetaux/Analysis/WeightedNorm.lean; DerridaRetaux/Analysis/ConvolutionNorms.lean; DerridaRetaux/Analysis/SmoothingBounds.lean","DerridaRetaux.cubicWeight_add_le_mul; DerridaRetaux.weightedL1Three_conv_le; DerridaRetaux.weightedSupThree_shiftLeft; DerridaRetaux.weightedL1Three_shiftLeft_le; DerridaRetaux.weightedSupThree_shiftByInt_nat; DerridaRetaux.weightedSupThree_shiftLeft_iterate_gain; DerridaRetaux.weightedL1Three_convPow_le_pow; DerridaRetaux.weightedSupThree_convPow_succ_le","proved","COMPLETE","none","Weight submultiplicativity, Young bounds, shift/contraction bounds, fixed right shifts, convolution powers, and eq:shiftgain compile","{""DerridaRetaux.cubicWeight_add_le_mul"": [], ""DerridaRetaux.weightedL1Three_conv_le"": [], ""DerridaRetaux.weightedSupThree_shiftLeft"": [], ""DerridaRetaux.weightedL1Three_shiftLeft_le"": [], ""DerridaRetaux.weightedSupThree_shiftByInt_nat"": [], ""DerridaRetaux.weightedSupThree_shiftLeft_iterate_gain"": [], ""DerridaRetaux.weightedL1Three_convPow_le_pow"": [], ""DerridaRetaux.weightedSupThree_convPow_succ_le"": []}"
"U29","Smoothing preliminaries","DerridaRetaux/Analysis/SmoothingOrbitBounds.lean; DerridaRetaux/Analysis/CoefficientVariation.lean","DerridaRetaux.densityCoeff_nonneg_and_le_choose; DerridaRetaux.smoothing_coefficients_orbit_bounds; DerridaRetaux.quadraticDensityAt_lipschitz_on_unit; DerridaRetaux.orbit_zeroTilt_succ_variation_of_bounds; DerridaRetaux.orbit_densityD_variation_of_zeroTilt_variation; DerridaRetaux.coefficientVariation_orbit_of_H1a_and_pointwise","proved","COMPLETE","H1a;H1b","Given the preceding pointwise estimate, H1a yields zero-atom convergence and reciprocal-square increments; a proved uniform Lipschitz bound transfers these to d_s->1/2 and |d_s-d_(s-1)|=O((s+1)^-2)","{""DerridaRetaux.densityCoeff_nonneg_and_le_choose"": [], ""DerridaRetaux.smoothing_coefficients_orbit_bounds"": [], ""DerridaRetaux.quadraticDensityAt_lipschitz_on_unit"": [], ""DerridaRetaux.orbit_zeroTilt_succ_variation_of_bounds"": [], ""DerridaRetaux.orbit_densityD_variation_of_zeroTilt_variation"": [], ""DerridaRetaux.coefficientVariation_orbit_of_H1a_and_pointwise"": []}"
"U30","Smoothing preliminaries","DerridaRetaux/Analysis/SmoothingAlgebra.lean","DerridaRetaux.conv_shiftLeft_self; DerridaRetaux.conv_shiftLeft_conv_self; DerridaRetaux.positiveTiltedDensity_orbit_succ_short; DerridaRetaux.densityB_orbit_succ; DerridaRetaux.densityR_apply; DerridaRetaux.densityE_two; DerridaRetaux.densityR_two","proved","COMPLETE","none","Both shift/convolution identities, every term of the six-term remainder, and the definitionally empty binary higher-order source compile","{""DerridaRetaux.conv_shiftLeft_self"": [], ""DerridaRetaux.conv_shiftLeft_conv_self"": [], ""DerridaRetaux.positiveTiltedDensity_orbit_succ_short"": [], ""DerridaRetaux.densityB_orbit_succ"": [], ""DerridaRetaux.densityR_apply"": [], ""DerridaRetaux.densityE_two"": [], ""DerridaRetaux.densityR_two"": []}"
"U31","Truncated telescope","DerridaRetaux/Analysis/TruncatedTelescope.lean","DerridaRetaux.seq_recurrence_eq_truncatedInitial_add_forcing; DerridaRetaux.transportBetween_eq_transportProduct_div; DerridaRetaux.positiveTiltedDensity_eq_transportRatio_add_quadratic_add_higher; DerridaRetaux.densityQuadraticKernel_succ; DerridaRetaux.discreteDerivative_densityQuadraticSegment_telescope","proved","COMPLETE","none","The exact finite Duhamel split, the source ratio C_n/C_a, the transported-kernel evolution, inverse-square relation, empty ranges, and all telescope endpoint cases compile","{""DerridaRetaux.seq_recurrence_eq_truncatedInitial_add_forcing"": [], ""DerridaRetaux.transportBetween_eq_transportProduct_div"": [], ""DerridaRetaux.positiveTiltedDensity_eq_transportRatio_add_quadratic_add_higher"": [], ""DerridaRetaux.densityQuadraticKernel_succ"": [], ""DerridaRetaux.discreteDerivative_densityQuadraticSegment_telescope"": []}"
"U32","Truncated telescope","DerridaRetaux/Analysis/TruncatedSmoothingBounds.lean; DerridaRetaux/Analysis/LogSmoothingArithmetic.lean","DerridaRetaux.densityInitialSegment_weightedSup_bound; DerridaRetaux.densityQuadraticSegment_derivative_weightedSup_log_bound; DerridaRetaux.densityLateSegment_derivative_weightedSup_log_bound; DerridaRetaux.truncatedSmoothingSplit_of_H1; DerridaRetaux.positiveTiltedDensity_spatialSmoothing_of_H1","proved","COMPLETE","H1a;H1b","The actual early I term, all five Q telescope terms, the W remainder sum, coefficient variation, harmonic dependence on free time a, and every small-generation and empty-range branch compile","{""DerridaRetaux.densityInitialSegment_weightedSup_bound"": [], ""DerridaRetaux.densityQuadraticSegment_derivative_weightedSup_log_bound"": [], ""DerridaRetaux.densityLateSegment_derivative_weightedSup_log_bound"": [], ""DerridaRetaux.truncatedSmoothingSplit_of_H1"": [], ""DerridaRetaux.positiveTiltedDensity_spatialSmoothing_of_H1"": []}"
"U33","Smoothing conclusion","DerridaRetaux/Analysis/SpatialTelescoping.lean; DerridaRetaux/Analysis/LogRate.lean; DerridaRetaux/Analysis/LogSmoothingArithmetic.lean; DerridaRetaux/Analysis/TemporalSmoothing.lean; DerridaRetaux/Main/Smoothing.lean","DerridaRetaux.weightedSupThree_twoParameter_log_of_split; DerridaRetaux.positiveTiltedDensity_temporalModulus_of_H1_and_spatial; DerridaRetaux.FixedArity.smoothingTwoParameter; DerridaRetaux.FixedArity.smoothing","proved","COMPLETE","H1a;H1b","The source-facing two-parameter bound and one-constant smoothing proposition compile with the literal log(n+2) gradient coefficient and both spatial and temporal logarithmic moduli","{""DerridaRetaux.weightedSupThree_twoParameter_log_of_split"": [], ""DerridaRetaux.positiveTiltedDensity_temporalModulus_of_H1_and_spatial"": [], ""DerridaRetaux.FixedArity.smoothingTwoParameter"": [""DerridaRetaux.HumanInputs.cdhls_excess_upper"", ""DerridaRetaux.HumanInputs.cdhls_product_upper""], ""DerridaRetaux.FixedArity.smoothing"": [""DerridaRetaux.HumanInputs.cdhls_excess_upper"", ""DerridaRetaux.HumanInputs.cdhls_product_upper""]}"
"U34","Spine","DerridaRetaux/Spine/SizeBiased.lean; DerridaRetaux/Spine/Kernel.lean","DerridaRetaux.cubicSizeBiasedLaw; DerridaRetaux.cubicSpineKernel; DerridaRetaux.cubicSpineKernel_eq_pure_zero_of_carrier_eq_zero; DerridaRetaux.cubicSpineKernel_two_one","proved","COMPLETE","none","The cubic size-biased marginals and total transition kernel compile on every natural state; all off-carrier rows, including binary k=1, are explicitly pure zero","{""DerridaRetaux.cubicSizeBiasedLaw"": [], ""DerridaRetaux.cubicSpineKernel"": [], ""DerridaRetaux.cubicSpineKernel_eq_pure_zero_of_carrier_eq_zero"": [], ""DerridaRetaux.cubicSpineKernel_two_one"": []}"
"U35","Spine","DerridaRetaux/Spine/Allocation.lean","DerridaRetaux.cubicAllocation_hasSum; DerridaRetaux.cubicAllocationWeight_hasSum_one; DerridaRetaux.cubicAllocationPMF; DerridaRetaux.cubicAllocation_carrier_identity","proved","COMPLETE","none","The finite allocation weight is normalized for every positive carrier row and the pointwise carrier identity compiles","{""DerridaRetaux.cubicAllocation_hasSum"": [], ""DerridaRetaux.cubicAllocationWeight_hasSum_one"": [], ""DerridaRetaux.cubicAllocationPMF"": [], ""DerridaRetaux.cubicAllocation_carrier_identity"": []}"
"U36","Spine","DerridaRetaux/Spine/Kernel.lean; DerridaRetaux/Spine/Coupling.lean","DerridaRetaux.cubicSizeBiasedPMF_bind_cubicSpineKernel; DerridaRetaux.spineMarginalPMF_bind_spineKernel; DerridaRetaux.spineMarginalPMF_bind_spineKernel_all","proved","COMPLETE","none","The actual allocation PMF is mapped through the output and bound against the size-biased marginal; the resulting concrete bind is exactly the next marginal in every arity","{""DerridaRetaux.cubicSizeBiasedPMF_bind_cubicSpineKernel"": [], ""DerridaRetaux.spineMarginalPMF_bind_spineKernel"": [], ""DerridaRetaux.spineMarginalPMF_bind_spineKernel_all"": []}"
"U37","Spine","DerridaRetaux/Spine/CompanionExpectations.lean; DerridaRetaux/Spine/Coupling.lean","DerridaRetaux.cubicAllocationIncrementMass_hasSum; DerridaRetaux.cubicSpineExpectedPositiveIncrement_eq_ratio; DerridaRetaux.cubicSpineExpectedPositiveIncrement_le_four","proved","COMPLETE","none","All three companion expectations are integrated against the actual allocation law, yielding the literal incformula and the expected positive increment bound four","{""DerridaRetaux.cubicAllocationIncrementMass_hasSum"": [], ""DerridaRetaux.cubicSpineExpectedPositiveIncrement_eq_ratio"": [], ""DerridaRetaux.cubicSpineExpectedPositiveIncrement_le_four"": []}"
"U38","Spine","DerridaRetaux/Spine/Coupling.lean; DerridaRetaux/Spine/InfinitePath.lean","DerridaRetaux.spinePathPMF; DerridaRetaux.spinePathPMF_initial_marginal; DerridaRetaux.spinePathPMF_terminal_marginal; DerridaRetaux.spinePath_positiveVariation_hasSum; DerridaRetaux.spineSharpTail_le_initial_add; DerridaRetaux.FixedArity.cubicWeightedInfiniteChain","proved","COMPLETE","none","The recursive finite-path coupling has the exact endpoint marginals, expected accumulated positive variation at most 4n, and the actual sharp-tail inequality Infinite trajectory probability measure with all finite laws, marginals and Markov factorization; use with the original increment and tail bounds.","{""DerridaRetaux.spinePathPMF"": [], ""DerridaRetaux.spinePathPMF_initial_marginal"": [], ""DerridaRetaux.spinePathPMF_terminal_marginal"": [], ""DerridaRetaux.spinePath_positiveVariation_hasSum"": [], ""DerridaRetaux.spineSharpTail_le_initial_add"": [], ""DerridaRetaux.FixedArity.cubicWeightedInfiniteChain"": []}"
"U39","Third tail","DerridaRetaux/Spine/ThirdTail.lean","DerridaRetaux.profileThirdTail_quadratic_of_spineTail; DerridaRetaux.probabilityMassTail_tendsto_zero; DerridaRetaux.profileThirdTail_uniform_integrability_of_spineTail","proved","COMPLETE","H1b","Given the genuinely upstream U38 spine-tail estimate, the exact carrier conversion, H1b quadratic third-tail bound, fixed-law tail limit, scaled window, and nested uniform-integrability conclusion all compile; `FixedArity.thirdMomentTail` is the proved source-facing corollary","{""DerridaRetaux.profileThirdTail_quadratic_of_spineTail"": [], ""DerridaRetaux.probabilityMassTail_tendsto_zero"": [], ""DerridaRetaux.profileThirdTail_uniform_integrability_of_spineTail"": []}"
"U40","Limit measures","DerridaRetaux/Analysis/LatticeRiemannLimit.lean","DerridaRetaux.latticeLeftRiemannSum_tendsto_intervalIntegral; DerridaRetaux.compact_lattice_sums_tendsto_of_locallyUniform; DerridaRetaux.locallyUniformLatticeDensity_of_orbitScaledGrid_exhaustionLimits; DerridaRetaux.scaledLatticeMeasuresAlong_tendsto_finiteDensityMeasure_of_locallyUniform; DerridaRetaux.scaledLatticeMeasuresAlong_tendsto_of_exhaustionLimits","proved","COMPLETE","none","Local-uniform terminal-node convergence is extracted from the compatible exhaustion limits, compact lattice sums converge by an internal left-Riemann theorem, and integrability plus convergence of the literal total masses upgrade this to weak convergence of the actual atomic measures along any cofinal scale; no atomwise or surrogate-measure convergence is assumed","{""DerridaRetaux.latticeLeftRiemannSum_tendsto_intervalIntegral"": [], ""DerridaRetaux.compact_lattice_sums_tendsto_of_locallyUniform"": [], ""DerridaRetaux.locallyUniformLatticeDensity_of_orbitScaledGrid_exhaustionLimits"": [], ""DerridaRetaux.scaledLatticeMeasuresAlong_tendsto_finiteDensityMeasure_of_locallyUniform"": [], ""DerridaRetaux.scaledLatticeMeasuresAlong_tendsto_of_exhaustionLimits"": []}"
"U41","Moment passage","DerridaRetaux/Analysis/MomentPassage.lean; DerridaRetaux/Spine/ConcreteTail.lean","DerridaRetaux.profileDensityThirdTail_uniform_integrability_of_spineTail; DerridaRetaux.profileDensityMomentTail_uniform_integrability_of_spineTail; DerridaRetaux.scaledDiscreteMoment_tendsto_of_heads_and_uniform_tails_along; DerridaRetaux.profileDensityMoment_tendsto_of_compact_heads_and_spineTail_along","proved","COMPLETE","H1b","The concrete cubic spine tail gives uniform integrability for every order zero through three on arbitrary upper time windows; compact-head convergence and monotone cutoff removal then imply full normalized moment convergence along any cofinal scale","{""DerridaRetaux.profileDensityThirdTail_uniform_integrability_of_spineTail"": [], ""DerridaRetaux.profileDensityMomentTail_uniform_integrability_of_spineTail"": [], ""DerridaRetaux.scaledDiscreteMoment_tendsto_of_heads_and_uniform_tails_along"": [], ""DerridaRetaux.profileDensityMoment_tendsto_of_compact_heads_and_spineTail_along"": []}"
"U42","Limit tail","DerridaRetaux/Analysis/LimitTail.lean; DerridaRetaux/Analysis/LatticeMeasure.lean","DerridaRetaux.cubicTailIntegrand_lowerSemicontinuous; DerridaRetaux.integral_cubicTail_le_of_finiteMeasure_tendsto_eventually; DerridaRetaux.integral_cubicTail_scaledLatticeMeasure_eq_all; DerridaRetaux.limit_cubicTail_le_of_scaledLatticeMeasuresAlong_tendsto_eventually","proved","COMPLETE","none","Bounded continuous ramps prove the lower-semicontinuous Portmanteau passage, monotone cap removal proves the full cubic tail inequality, and the actual scaled lattice tail is identified exactly along an arbitrary selected scale","{""DerridaRetaux.cubicTailIntegrand_lowerSemicontinuous"": [], ""DerridaRetaux.integral_cubicTail_le_of_finiteMeasure_tendsto_eventually"": [], ""DerridaRetaux.integral_cubicTail_scaledLatticeMeasure_eq_all"": [], ""DerridaRetaux.limit_cubicTail_le_of_scaledLatticeMeasuresAlong_tendsto_eventually"": []}"
"U43","Mild equation","DerridaRetaux/Analysis/DiscreteMildDuhamel.lean","DerridaRetaux.densityRhoSource; DerridaRetaux.positiveTiltedDensity_orbit_succ_fullRhoSource; DerridaRetaux.seq_recurrence_apply_eq_transport_add_forcing; DerridaRetaux.positiveTiltedDensity_orbit_apply_eq_discreteMildDuhamel","proved","COMPLETE","none","The literal finite r=2,...,m density source and its exact coefficientwise shifted Duhamel identity compile for every a<=n, including the empty endpoint case; asymptotic coefficient and Riemann limits remain U44-U45","{""DerridaRetaux.densityRhoSource"": [], ""DerridaRetaux.positiveTiltedDensity_orbit_succ_fullRhoSource"": [], ""DerridaRetaux.seq_recurrence_apply_eq_transport_add_forcing"": [], ""DerridaRetaux.positiveTiltedDensity_orbit_apply_eq_discreteMildDuhamel"": []}"
"U44","Mild equation","DerridaRetaux/Analysis/MildCoefficientLimits.lean; DerridaRetaux/Analysis/QuadraticConvolutionLimit.lean; DerridaRetaux/Analysis/TimeRiemannLimit.lean","DerridaRetaux.natFloor_window_div_cofinal_tendsto; DerridaRetaux.orbit_densityD_natFloor_tendsto_half_of_H1a; DerridaRetaux.orbit_densityD_uniform_after_natFloor_of_H1a; DerridaRetaux.transportBetween_orbit_tendsto_one_along_of_H1a; DerridaRetaux.transportBetween_orbit_uniform_on_natFloor_window_of_H1a; DerridaRetaux.terminalTransportWeight_orbit_natFloor_window_uniform_of_H1a; DerridaRetaux.scaled_conv_eq_lattice_product_sum; DerridaRetaux.scaled_conv_tendsto_moving_of_locallyUniform; DerridaRetaux.scaled_conv_gridIndex_tendsto_of_locallyUniform_of_nonneg; DerridaRetaux.scaled_shiftRightPow_conv_gridIndex_tendsto_of_nonneg; DerridaRetaux.scaled_conv_uniform_on_compact_away_zero_of_locallyUniform; DerridaRetaux.orbit_rho_scaled_conv_uniform_on_compact_away_zero; DerridaRetaux.gridTimeArraySum_tendsto_of_uniform_approximation_on_Ioi","proved","COMPLETE","H1a","All floor, fixed-shift, moving d_s to one-half, interval transport, and terminal Duhamel weights compile uniformly on positive macroscopic windows. The literal N^3 convolution identity, moving-point and x=0 spatial Riemann limits, fixed right shifts with zero extension, and compact-annulus uniform convergence also compile. The generic positive-time triangular-array Riemann theorem and its concrete Duhamel application with all joint floor errors also compile.","{""DerridaRetaux.natFloor_window_div_cofinal_tendsto"": [], ""DerridaRetaux.orbit_densityD_natFloor_tendsto_half_of_H1a"": [], ""DerridaRetaux.orbit_densityD_uniform_after_natFloor_of_H1a"": [], ""DerridaRetaux.transportBetween_orbit_tendsto_one_along_of_H1a"": [], ""DerridaRetaux.transportBetween_orbit_uniform_on_natFloor_window_of_H1a"": [], ""DerridaRetaux.terminalTransportWeight_orbit_natFloor_window_uniform_of_H1a"": [], ""DerridaRetaux.scaled_conv_eq_lattice_product_sum"": [], ""DerridaRetaux.scaled_conv_tendsto_moving_of_locallyUniform"": [], ""DerridaRetaux.scaled_conv_gridIndex_tendsto_of_locallyUniform_of_nonneg"": [], ""DerridaRetaux.scaled_shiftRightPow_conv_gridIndex_tendsto_of_nonneg"": [], ""DerridaRetaux.scaled_conv_uniform_on_compact_away_zero_of_locallyUniform"": [], ""DerridaRetaux.orbit_rho_scaled_conv_uniform_on_compact_away_zero"": [], ""DerridaRetaux.gridTimeArraySum_tendsto_of_uniform_approximation_on_Ioi"": []}"
"U45","Mild equation","DerridaRetaux/Analysis/HigherSourceVanishing.lean","DerridaRetaux.densityHigherSegment_supLE_of_order_four; DerridaRetaux.densityHigherSegment_supLE_of_orbit_bounds; DerridaRetaux.densityHigherSegment_scaled_abs_le_const_div; DerridaRetaux.densityHigherSegment_scaled_tendsto_zero_of_order_four_on_annulus; DerridaRetaux.densityHigherSegment_orbit_scaled_tendsto_zero_on_annulus","proved","COMPLETE","none","Every actual r>=3 source term is packaged in densityE and its full finite Duhamel segment is O((n-a)/L_a^4); on any positive macroscopic annulus its N^2-rescaling tends to zero for arbitrary moving space and time indices. The quadratic convolution limit and dense-set continuity extension compile under the adjacent continuum obligations","{""DerridaRetaux.densityHigherSegment_supLE_of_order_four"": [], ""DerridaRetaux.densityHigherSegment_supLE_of_orbit_bounds"": [], ""DerridaRetaux.densityHigherSegment_scaled_abs_le_const_div"": [], ""DerridaRetaux.densityHigherSegment_scaled_tendsto_zero_of_order_four_on_annulus"": [], ""DerridaRetaux.densityHigherSegment_orbit_scaled_tendsto_zero_on_annulus"": []}"
"U46","Weak equation","DerridaRetaux/Analysis/WeakIntegratedIdentity.lean; DerridaRetaux/Analysis/YaglomWeakEquation.lean; DerridaRetaux/Main/ContinuumWeakEquation.lean","DerridaRetaux.weakEquationRhs; DerridaRetaux.weakQuadraticPairing_eq_integral_positiveSelfConvolution; DerridaRetaux.yaglomDensity_transport_integration_by_parts; DerridaRetaux.yaglomDensity_hasWeakEquationOn; DerridaRetaux.FixedArity.subsequentialHasWeakEquationOn","proved","COMPLETE","H1a;H1b;H2","The literal double-integral weak generator, origin boundary trace, parameter differentiation, integrated identity, and transfer to every subsequential limit compile","{""DerridaRetaux.weakEquationRhs"": [], ""DerridaRetaux.weakQuadraticPairing_eq_integral_positiveSelfConvolution"": [], ""DerridaRetaux.yaglomDensity_transport_integration_by_parts"": [], ""DerridaRetaux.yaglomDensity_hasWeakEquationOn"": [], ""DerridaRetaux.FixedArity.subsequentialHasWeakEquationOn"": [""DerridaRetaux.HumanInputs.cdhls_excess_upper"", ""DerridaRetaux.HumanInputs.cdhls_product_upper"", ""DerridaRetaux.HumanInputs.kotani_characteristic_eq_implies_translate""]}"
"U47","Moment ODE","DerridaRetaux/Analysis/LocalACClosure.lean","DerridaRetaux.HasIntegralDerivativeOn; DerridaRetaux.TendstoInL1On; DerridaRetaux.hasIntegralDerivativeOn_of_tendstoUniformly_of_tendstoInL1On; DerridaRetaux.hasIntegralDerivativeOn_Icc_of_local_uniform_and_L1","proved","COMPLETE","none","Absolute continuity is represented by an integrable derivative and the full subinterval integral identity; uniform convergence of observables together with literal local L1 convergence of derivatives preserves that representation on every compact positive-time interval","{""DerridaRetaux.HasIntegralDerivativeOn"": [], ""DerridaRetaux.TendstoInL1On"": [], ""DerridaRetaux.hasIntegralDerivativeOn_of_tendstoUniformly_of_tendstoInL1On"": [], ""DerridaRetaux.hasIntegralDerivativeOn_Icc_of_local_uniform_and_L1"": []}"
"U48","Moment ODE","DerridaRetaux/Analysis/LocalACClosure.lean; DerridaRetaux/Main/MomentLaplaceODE.lean; DerridaRetaux/Main/MomentLaplaceRegularity.lean","DerridaRetaux.HasIntegralDerivativeOn.hasDerivAt_of_continuousOn_Icc; DerridaRetaux.HasIntegralDerivativeOn.contDiffOn_Ioo_of_continuousOn_Icc; DerridaRetaux.FixedArity.momentLaplaceODE; DerridaRetaux.FixedArity.momentLaplaceLocalIntegralDerivatives","proved","COMPLETE","H1a;H1b","Local absolute continuity and the source-facing pointwise moment/Laplace ODE package compile Integral derivative identities on every positive compact interval supplement the pointwise ODEs.","{""DerridaRetaux.HasIntegralDerivativeOn.hasDerivAt_of_continuousOn_Icc"": [], ""DerridaRetaux.HasIntegralDerivativeOn.contDiffOn_Ioo_of_continuousOn_Icc"": [], ""DerridaRetaux.FixedArity.momentLaplaceODE"": [""DerridaRetaux.HumanInputs.cdhls_excess_upper"", ""DerridaRetaux.HumanInputs.cdhls_product_upper""], ""DerridaRetaux.FixedArity.momentLaplaceLocalIntegralDerivatives"": [""DerridaRetaux.HumanInputs.cdhls_excess_upper"", ""DerridaRetaux.HumanInputs.cdhls_product_upper""]}"
"U49","Rigidity start","DerridaRetaux/Analysis/LaplaceGap.lean","DerridaRetaux.positiveHalfLineMoment_A3_lower; DerridaRetaux.positiveHalfLineMoment_zero_and_three_pos; DerridaRetaux.integratedLaplaceSecondGap_nonneg_and_le; DerridaRetaux.integratedLaplaceSecondGap_pos; DerridaRetaux.hasDerivAt_momentLaplaceGap; DerridaRetaux.deriv_momentLaplaceGap_eq","proved","COMPLETE","H1a;H1b","Cauchy-Schwarz gives both source moment inequalities and strict positivity of A0 and A3; the Laplace gap is positive with its quadratic A2 bound, and cancellation yields the exact Z ODE","{""DerridaRetaux.positiveHalfLineMoment_A3_lower"": [], ""DerridaRetaux.positiveHalfLineMoment_zero_and_three_pos"": [], ""DerridaRetaux.integratedLaplaceSecondGap_nonneg_and_le"": [], ""DerridaRetaux.integratedLaplaceSecondGap_pos"": [], ""DerridaRetaux.hasDerivAt_momentLaplaceGap"": [], ""DerridaRetaux.deriv_momentLaplaceGap_eq"": []}"
"U50","Taylor remainder","DerridaRetaux/Analysis/ExpRemainder.lean; DerridaRetaux/Analysis/IntegratedRemainder.lean","DerridaRetaux.expThirdRemainder_bounds; DerridaRetaux.integratedLaplaceSecondGap_eq; DerridaRetaux.integratedExpThirdRemainder_le_cutoff; DerridaRetaux.abs_normalizedIntegratedExpThirdRemainder_le_sqrt","proved","COMPLETE","none","The pointwise bounds, exact integrated Taylor identity, third-moment cutoff split, and normalized O(sqrt t) estimate compile from the explicit upstream A3 lower and quantitative third-tail premises","{""DerridaRetaux.expThirdRemainder_bounds"": [], ""DerridaRetaux.integratedLaplaceSecondGap_eq"": [], ""DerridaRetaux.integratedExpThirdRemainder_le_cutoff"": [], ""DerridaRetaux.abs_normalizedIntegratedExpThirdRemainder_le_sqrt"": []}"
"U51","String construction","DerridaRetaux/Rigidity/StringCoordinates.lean","DerridaRetaux.stringY; DerridaRetaux.hasDerivAt_stringY; DerridaRetaux.hasDerivAt_stringA2Y; DerridaRetaux.stringXi_eq_neg_integral_Ioi; DerridaRetaux.strictMonoOn_stringXi; DerridaRetaux.stringXi_bijOn; DerridaRetaux.stringXiMassCoordinate_comp_eq; DerridaRetaux.hasDerivAt_stringXiMassCoordinate; DerridaRetaux.stringDensityCoefficient_vs_coordinate","proved","COMPLETE","none","The negative-half-line coordinate layer, inverse time coordinate, cumulative mass function, derivative density, endpoint bijection, and source asymptotic comparisons compile from explicit upstream moment-ODE and A3 premises; construction of the EntranceString/Stieltjes measure and the x>=0 infinity extension remain strictly in U52","{""DerridaRetaux.stringY"": [], ""DerridaRetaux.hasDerivAt_stringY"": [], ""DerridaRetaux.hasDerivAt_stringA2Y"": [], ""DerridaRetaux.stringXi_eq_neg_integral_Ioi"": [], ""DerridaRetaux.strictMonoOn_stringXi"": [], ""DerridaRetaux.stringXi_bijOn"": [], ""DerridaRetaux.stringXiMassCoordinate_comp_eq"": [], ""DerridaRetaux.hasDerivAt_stringXiMassCoordinate"": [], ""DerridaRetaux.stringDensityCoefficient_vs_coordinate"": []}"
"U52","String admissibility","DerridaRetaux/Rigidity/StringAdmissibility.lean","DerridaRetaux.constructedEntranceString_isEntranceType; DerridaRetaux.constructedEntranceString_hasSecondEntranceMoment; DerridaRetaux.constructedEntranceString_correctRightEnd; DerridaRetaux.constructedEntranceString_hasRightEnd_zero; DerridaRetaux.tendsto_constructed_stringCumulative_nhds_top; DerridaRetaux.constructed_stringCumulative_of_nonneg","proved","COMPLETE","none","The actual pushforward string is nontrivial, locally finite below zero, has both entrance moments, endpoint zero, and cumulative mass tending topologically to infinity from the left; the approved HasRightEnd wrapper now uses the topological neighborhood of ENNReal top","{""DerridaRetaux.constructedEntranceString_isEntranceType"": [], ""DerridaRetaux.constructedEntranceString_hasSecondEntranceMoment"": [], ""DerridaRetaux.constructedEntranceString_correctRightEnd"": [], ""DerridaRetaux.constructedEntranceString_hasRightEnd_zero"": [], ""DerridaRetaux.tendsto_constructed_stringCumulative_nhds_top"": [], ""DerridaRetaux.constructed_stringCumulative_of_nonneg"": []}"
"U53","Canonical solution","DerridaRetaux/Rigidity/EndpointReductionIntegral.lean; DerridaRetaux/Rigidity/EndpointReductionDerivative.lean; DerridaRetaux/Rigidity/EndpointReductionAsymptotics.lean; DerridaRetaux/Rigidity/EndpointEntranceSolution.lean; DerridaRetaux/Rigidity/EndpointEntranceMonotonicity.lean; DerridaRetaux/Rigidity/EndpointEntranceLowerBound.lean; DerridaRetaux/Rigidity/EndpointEntranceNormalization.lean; DerridaRetaux/Rigidity/EndpointEntranceVolterra.lean; DerridaRetaux/Rigidity/ConstructedStringVolterra.lean","DerridaRetaux.entranceSolutionFromEndpoint; DerridaRetaux.tendsto_entranceSolutionFromEndpoint_atBot_one; DerridaRetaux.entranceSolutionFromEndpoint_pos; DerridaRetaux.hasDerivAt_entranceSolutionFromEndpoint; DerridaRetaux.hasDerivAt_entranceSolutionFromEndpointSlope; DerridaRetaux.monotoneOn_entranceSolutionFromEndpoint; DerridaRetaux.one_le_entranceSolutionFromEndpoint; DerridaRetaux.entranceSolutionFromEndpoint_isVolterra_constructedString","proved","COMPLETE","none","The endpoint-reduction construction gives the positive entrance-normalized canonical Volterra solution internally","{""DerridaRetaux.entranceSolutionFromEndpoint"": [], ""DerridaRetaux.tendsto_entranceSolutionFromEndpoint_atBot_one"": [], ""DerridaRetaux.entranceSolutionFromEndpoint_pos"": [], ""DerridaRetaux.hasDerivAt_entranceSolutionFromEndpoint"": [], ""DerridaRetaux.hasDerivAt_entranceSolutionFromEndpointSlope"": [], ""DerridaRetaux.monotoneOn_entranceSolutionFromEndpoint"": [], ""DerridaRetaux.one_le_entranceSolutionFromEndpoint"": [], ""DerridaRetaux.entranceSolutionFromEndpoint_isVolterra_constructedString"": []}"
"U54","Constructed solution","DerridaRetaux/Rigidity/ConstructedSolution.lean; DerridaRetaux/Rigidity/ConstructedEndpointProperties.lean; DerridaRetaux/Rigidity/ConstructedEntranceExpansion.lean; DerridaRetaux/Rigidity/ConstructedEndpointGlobal.lean; DerridaRetaux/Rigidity/ConstructedEndpointAsymptotics.lean; DerridaRetaux/Rigidity/ConstructedCharacteristic.lean","DerridaRetaux.constructedPhi; DerridaRetaux.constructedEndpointSolution; DerridaRetaux.constructedEndpointSlope; DerridaRetaux.constructedEndpointSolution_pos_of_neg; DerridaRetaux.strictAntiOn_constructedEndpointSolution; DerridaRetaux.hasDerivAt_constructedEndpointSolution_of_neg; DerridaRetaux.tendsto_constructedEndpointSolution_nhdsLT_zero; DerridaRetaux.constructedEntranceString_hasSingularCharacteristic","proved","COMPLETE","none","The constructed solution, global positivity/monotonicity, endpoint asymptotics, and characteristic witness compile","{""DerridaRetaux.constructedPhi"": [], ""DerridaRetaux.constructedEndpointSolution"": [], ""DerridaRetaux.constructedEndpointSlope"": [], ""DerridaRetaux.constructedEndpointSolution_pos_of_neg"": [], ""DerridaRetaux.strictAntiOn_constructedEndpointSolution"": [], ""DerridaRetaux.hasDerivAt_constructedEndpointSolution_of_neg"": [], ""DerridaRetaux.tendsto_constructedEndpointSolution_nhdsLT_zero"": [], ""DerridaRetaux.constructedEntranceString_hasSingularCharacteristic"": []}"
"U55","Wronskian","DerridaRetaux/Rigidity/EndpointRepresentation.lean; DerridaRetaux/Rigidity/ConstructedEntranceExpansion.lean; DerridaRetaux/Rigidity/ConstructedCharacteristic.lean","DerridaRetaux.endpointEntrance_wronskian; DerridaRetaux.endpoint_reduction_representation; DerridaRetaux.constructedEntranceString_hasSingularCharacteristic_of_representation; DerridaRetaux.constructedEntranceString_hasSingularCharacteristic","proved","COMPLETE","none","The endpoint Wronskian, reduction-of-order representation, and full negative-axis characteristic are proved internally","{""DerridaRetaux.endpointEntrance_wronskian"": [], ""DerridaRetaux.endpoint_reduction_representation"": [], ""DerridaRetaux.constructedEntranceString_hasSingularCharacteristic_of_representation"": [], ""DerridaRetaux.constructedEntranceString_hasSingularCharacteristic"": []}"
"U56","Model string","DerridaRetaux/Rigidity/ModelString.lean; DerridaRetaux/Rigidity/ModelEndpointProperties.lean; DerridaRetaux/Rigidity/ModelVolterra.lean; DerridaRetaux/Rigidity/ModelVolterraProperties.lean; DerridaRetaux/Rigidity/ModelVolterraIntegral.lean; DerridaRetaux/Rigidity/ModelVolterraEquation.lean; DerridaRetaux/Rigidity/ModelCharacteristic.lean; DerridaRetaux/Rigidity/ModelCharacteristicFinal.lean; DerridaRetaux/Rigidity/ModelCharacteristicParameter.lean","DerridaRetaux.modelStringDensity; DerridaRetaux.modelStringMass; DerridaRetaux.modelEntranceString; DerridaRetaux.model_stringCumulative_of_neg; DerridaRetaux.tendsto_model_stringCumulative_nhdsLT_zero_top; DerridaRetaux.modelEntranceString_isEntranceType; DerridaRetaux.modelEntranceString_hasSecondEntranceMoment; DerridaRetaux.modelEntranceString_correctRightEnd; DerridaRetaux.modelEntranceString_hasRightEnd_zero; DerridaRetaux.modelStringEndpointSolution_pos; DerridaRetaux.modelStringEndpointSolutionDeriv_neg; DerridaRetaux.strictAntiOn_modelStringEndpointSolution; DerridaRetaux.modelStringEndpointSolution_ode; DerridaRetaux.tendsto_modelStringEndpointSolutionDeriv_atBot; DerridaRetaux.tendsto_modelStringEndpointSolution_nhdsLT_zero; DerridaRetaux.tendsto_modelStringEndpointSolution_add_id_atBot; DerridaRetaux.modelStringEntranceSolution_isVolterra; DerridaRetaux.modelEntranceString_hasSingularCharacteristic; DerridaRetaux.modelEntranceString_hasSingularCharacteristic_of_neg; DerridaRetaux.sourceModelEntranceString_hasSingularCharacteristic","proved","COMPLETE","none","The manuscript model string now has its exact density and cumulative formula, both entrance moments, correct one-sided infinite endpoint and HasRightEnd package, and the explicit positive strictly decreasing endpoint solution with its ODE, zero-endpoint limit, derivative normalization, and entrance expansion. The entrance-normalized Volterra solution, its exact integral equation, Wronskian reduction formula, interval integrability, and the full singular characteristic on every negative spectral parameter now compile without custom axioms","{""DerridaRetaux.modelStringDensity"": [], ""DerridaRetaux.modelStringMass"": [], ""DerridaRetaux.modelEntranceString"": [], ""DerridaRetaux.model_stringCumulative_of_neg"": [], ""DerridaRetaux.tendsto_model_stringCumulative_nhdsLT_zero_top"": [], ""DerridaRetaux.modelEntranceString_isEntranceType"": [], ""DerridaRetaux.modelEntranceString_hasSecondEntranceMoment"": [], ""DerridaRetaux.modelEntranceString_correctRightEnd"": [], ""DerridaRetaux.modelEntranceString_hasRightEnd_zero"": [], ""DerridaRetaux.modelStringEndpointSolution_pos"": [], ""DerridaRetaux.modelStringEndpointSolutionDeriv_neg"": [], ""DerridaRetaux.strictAntiOn_modelStringEndpointSolution"": [], ""DerridaRetaux.modelStringEndpointSolution_ode"": [], ""DerridaRetaux.tendsto_modelStringEndpointSolutionDeriv_atBot"": [], ""DerridaRetaux.tendsto_modelStringEndpointSolution_nhdsLT_zero"": [], ""DerridaRetaux.tendsto_modelStringEndpointSolution_add_id_atBot"": [], ""DerridaRetaux.modelStringEntranceSolution_isVolterra"": [], ""DerridaRetaux.modelEntranceString_hasSingularCharacteristic"": [], ""DerridaRetaux.modelEntranceString_hasSingularCharacteristic_of_neg"": [], ""DerridaRetaux.sourceModelEntranceString_hasSingularCharacteristic"": []}"
"U57","Kotani normalization","DerridaRetaux/Rigidity/Translation.lean; DerridaRetaux/Main/ContinuumIdentification.lean; DerridaRetaux/Main/IdentificationFinal.lean","DerridaRetaux.kotaniCharacteristicFact_imp_cumulative_eq; DerridaRetaux.FixedArity.subsequentialConstructedString_cumulative_eq_model; DerridaRetaux.FixedArity.identifySubsequentialLimit","proved","COMPLETE","H1a;H1b;H2","H2 is applied only after both characteristic witnesses; the common right endpoint removes translation and identifies the cumulative string","{""DerridaRetaux.kotaniCharacteristicFact_imp_cumulative_eq"": [], ""DerridaRetaux.FixedArity.subsequentialConstructedString_cumulative_eq_model"": [""DerridaRetaux.HumanInputs.cdhls_excess_upper"", ""DerridaRetaux.HumanInputs.cdhls_product_upper"", ""DerridaRetaux.HumanInputs.kotani_characteristic_eq_implies_translate""], ""DerridaRetaux.FixedArity.identifySubsequentialLimit"": [""DerridaRetaux.HumanInputs.cdhls_excess_upper"", ""DerridaRetaux.HumanInputs.cdhls_product_upper"", ""DerridaRetaux.HumanInputs.kotani_characteristic_eq_implies_translate""]}"
"U58","Physical time","DerridaRetaux/Rigidity/CumulativeToPhysicalTime.lean; DerridaRetaux/Rigidity/PhysicalTime.lean; DerridaRetaux/Main/ContinuumPhysicalTime.lean","DerridaRetaux.stringY_eq_stringXi_sq_div_of_cumulative_eq_model; DerridaRetaux.physicalTimeCoordinate_eq_neg_div; DerridaRetaux.physicalTimeScale_eq; DerridaRetaux.physicalTimeZerothMoment_eq; DerridaRetaux.physicalTimeLaplaceTransform_eq; DerridaRetaux.FixedArity.subsequential_physicalTime_identification","proved","COMPLETE","H1a;H1b;H2","Cumulative-string identification is converted back to physical time, fixing the scale and rational Laplace transform","{""DerridaRetaux.stringY_eq_stringXi_sq_div_of_cumulative_eq_model"": [], ""DerridaRetaux.physicalTimeCoordinate_eq_neg_div"": [], ""DerridaRetaux.physicalTimeScale_eq"": [], ""DerridaRetaux.physicalTimeZerothMoment_eq"": [], ""DerridaRetaux.physicalTimeLaplaceTransform_eq"": [], ""DerridaRetaux.FixedArity.subsequential_physicalTime_identification"": [""DerridaRetaux.HumanInputs.cdhls_excess_upper"", ""DerridaRetaux.HumanInputs.cdhls_product_upper"", ""DerridaRetaux.HumanInputs.kotani_characteristic_eq_implies_translate""]}"
"U59","Laplace inversion","DerridaRetaux/Analysis/LaplaceUniqueness.lean","DerridaRetaux.finiteMeasure_eq_of_halfLine_laplace_eq; DerridaRetaux.ae_eq_of_halfLine_laplace_eq; DerridaRetaux.continuous_density_eq_of_halfLine_laplace_eq; DerridaRetaux.yaglomDensity_eq_of_laplace","proved","COMPLETE","none","Laplace equality on all positive parameters identifies finite half-line measures internally; almost-everywhere equality is upgraded to pointwise equality for continuous densities, and the rational transform identifies the Yaglom exponential density.","{""DerridaRetaux.finiteMeasure_eq_of_halfLine_laplace_eq"": [], ""DerridaRetaux.ae_eq_of_halfLine_laplace_eq"": [], ""DerridaRetaux.continuous_density_eq_of_halfLine_laplace_eq"": [], ""DerridaRetaux.yaglomDensity_eq_of_laplace"": []}"
"U60","Sharpness construction","DerridaRetaux/Sharpness/PowerTail.lean","DerridaRetaux.sharpPowerExponent; DerridaRetaux.shiftedPowerTailMoment_summable_iff; DerridaRetaux.sharpTailConstant_pos; DerridaRetaux.sharpTiltedSeq_nonneg; DerridaRetaux.sharpTiltedSeq_hasSum_one; DerridaRetaux.sharpTiltedSeq_first_hasSum","proved","COMPLETE","none","An explicit alpha in (max(3,r+1),4), p-series thresholds, positive small tail constant, and all tilted masses are constructed with Real.rpow","{""DerridaRetaux.sharpPowerExponent"": [], ""DerridaRetaux.shiftedPowerTailMoment_summable_iff"": [], ""DerridaRetaux.sharpTailConstant_pos"": [], ""DerridaRetaux.sharpTiltedSeq_nonneg"": [], ""DerridaRetaux.sharpTiltedSeq_hasSum_one"": [], ""DerridaRetaux.sharpTiltedSeq_first_hasSum"": []}"
"U61","Sharpness construction","DerridaRetaux/Sharpness/PowerTail.lean","DerridaRetaux.sharpOriginalLaw; DerridaRetaux.sharpOriginalLaw_critical; DerridaRetaux.sharpOriginalLaw_not_isDirac; DerridaRetaux.sharpOriginalLaw_tail; DerridaRetaux.sharpOriginalLaw_realTiltSummable_iff; DerridaRetaux.sharpOriginalLaw_not_tiltSummable_three","proved","COMPLETE","none","The original probability law is normalized, critical, non-Dirac, has the exact original-law tail, and satisfies the real-moment threshold including r=0","{""DerridaRetaux.sharpOriginalLaw"": [], ""DerridaRetaux.sharpOriginalLaw_critical"": [], ""DerridaRetaux.sharpOriginalLaw_not_isDirac"": [], ""DerridaRetaux.sharpOriginalLaw_tail"": [], ""DerridaRetaux.sharpOriginalLaw_realTiltSummable_iff"": [], ""DerridaRetaux.sharpOriginalLaw_not_tiltSummable_three"": []}"
"U62","Sharpness contradiction","DerridaRetaux/Sharpness/LogCesaro.lean; DerridaRetaux/Sharpness/ProductContradiction.lean; DerridaRetaux/Main/SharpnessCore.lean; DerridaRetaux/Main/Sharpness.lean","DerridaRetaux.summable_partition_excess_sq; DerridaRetaux.partition_log_sum_div_log_tendsto; DerridaRetaux.orbit_criticalProduct_sub_two_log_isLittleO; DerridaRetaux.no_eventual_subquadratic_poweredPrefixProduct_bound; DerridaRetaux.sharpnessPowerLaw_not_partition_excess_limit; DerridaRetaux.FixedArity.sharpness_core; DerridaRetaux.FixedArity.sharpness","proved","COMPLETE","H3","The requested square-summability, logarithmic Cesaro, exact exponent-two product route, final H3 contradiction, and source theorem all compile","{""DerridaRetaux.summable_partition_excess_sq"": [], ""DerridaRetaux.partition_log_sum_div_log_tendsto"": [], ""DerridaRetaux.orbit_criticalProduct_sub_two_log_isLittleO"": [], ""DerridaRetaux.no_eventual_subquadratic_poweredPrefixProduct_bound"": [], ""DerridaRetaux.sharpnessPowerLaw_not_partition_excess_limit"": [], ""DerridaRetaux.FixedArity.sharpness_core"": [], ""DerridaRetaux.FixedArity.sharpness"": [""DerridaRetaux.HumanInputs.chenShi_stable_product""]}"
